,Q8IZ73,Q92614,P78417,Q8WV24,P57721,P21217,Q8NEY8,F6UZG9,Q5JVF3,O43865,Q9P1Y5,P54803,P57678,Q92542,Q8TAE8,P62072,Q9Y3C0,Q09666,P46019,Q9BQP7,Q53GL0,Q9NY59,P13640,A5YKK6,Q96FV9,Q9H9S4,P11441,O75306,Q9C0D3,Q86X10,Q86TU7,Q9H1C7,Q8NE01,P41227,Q93099,Q9BQI0,P33316,Q08345,Q969Q0,O43829,Q92625,Q32NC0,Q6GPI1,P40199,P46937,Q96EQ0,Q86YP4,P17931,Q9H2G2,Q9UBK8,Q92636,Q6VMQ6,O14795,Q9P2B4,P34897,Q8NEZ4,P48059,P39900,O60941,Q15528,Q9Y5X2,Q9Y3B8,P17028,P07203,Q96JB2,Q49B96,Q9UF56,P36551,Q02127,Q6GYQ0,Q2PPJ7,Q9NZK5,Q5R3I4,P22528,Q96F44,O60925,O15050,P01730,Q14254,O60333,O95379,Q9UP83,Q9ULP9,Q06945,Q8N3X1,Q5VZK9,Q13671,Q96J02,Q969P0,Q96P16,Q13107,O43155,P63302,O95365,Q86UT6,Q9GZZ9,Q99549,Q86YQ8,O95503,O60762,Q11201,P22760,Q9BWP8,O14656,Q96P53,O43818,O15085,Q08378,Q9HCU0,Q8N1G2,Q8NDI1,P04114,Q9H0H0,Q99622,Q96EL3,P16070,Q8NFF5,P30622,A6NI28,P63208,O14832,Q6IBS0,O95551,Q5SQI0,O95817,Q16629,Q9HB58,P24592,Q9NP58,Q8NI27,Q9Y5A7,Q53G44,Q96DA6,O00425,O43166,O60547,Q8N960,Q9BU68,Q6NYC8,Q96ST3,Q92667,P04439,O43854,Q15208,Q9P2I0,Q9GZT3,Q9Y6N7,O15446,Q7Z6Z7,P20711,Q9BZJ0,Q8IWC1,Q6PJI9,O60678,Q3KQU3,Q8WYQ3,Q96KP1,Q969G6,O75925,O95299,Q8TAD4,P41252,Q8N201,Q96BM9,Q7Z7F7,Q9UQ80,Q7Z333,Q86WW8,Q14197,Q4LDG9,P53582,Q15631,Q6UWM9,Q96GS4,Q5QJE6,Q8N1P7,Q9NUY8,Q9H490,Q8N3D4,Q9ULF5,Q3V6T2,Q06210,P52630,O43299,O00410,Q9NX18,P61086,Q969S8,Q01469,Q9P2E3,Q9NSY1,Q9BWH6,Q8WX92,O75223,P46013,Q8N129,Q6EMK4,Q14653,P08514,P51649,Q29960,P55040,Q9UBD5,Q14353,Q86UP6,O14683,P63241,Q8IV36,Q7Z7A1,O75367,Q86VS8,Q9NR34,P09884,Q93008,Q8NEU8,P51648,P84103
C3L-00598,0.9413947570860834,0.5623086214674657,0.9631951741991003,0.6192246825954193,0.6900314826400535,0.619295442795873,0.8209093630601139,0.3604589588520408,0.1997218190292962,0.6913472862246053,0.22126986353308808,0.2748764102902932,0.21369520172818923,0.29613766096897365,0.48170150571297654,0.557875867997943,0.7388747056813472,0.5648964162689367,0.2753955578208185,0.5289267911431068,0.6637741379523696,0.012267289747674326,0.19736885960906214,0.2729433450889154,0.420064365219492,0.5065166932223004,1.0,0.30659323990737875,0.44918933434150254,0.20286726368848917,0.6476313153794209,0.0,0.30902082288264054,0.848940329850155,0.2921628179520539,0.4305912639485525,0.6730049150678248,0.05537628673322992,0.37969055526965967,0.46906311845956594,0.4064513701842607,0.5760840307940249,0.4464384485768931,0.5960658125980305,0.614153117623367,0.5454543918885104,0.7424680393469565,0.736996099462047,0.7309901640038916,0.24834790184094402,0.41289345500608654,0.6488203703028823,0.0,1.0,0.43515248126824346,0.7038713220391495,0.649109198202126,0.7328164246416429,0.07234269030680451,0.5569883181107471,0.659470352491585,0.8504363430620145,0.4772247776488818,0.5599525475569358,0.5627549335435234,0.6085727885522125,0.5360923082430578,0.7338822105934657,0.6430471656131491,0.0,0.13866493104413458,0.42010702544950895,0.615639292536903,1.0000000000000004,0.876631055783367,1.0,0.27860022763342407,0.332576106200678,0.47670817555621525,0.7334304727675445,0.5519102949718331,0.30327225693791604,0.47212130860206436,0.37567401128265754,0.6812202623165327,0.22265461336623815,0.46481174357835897,0.48283764439491605,0.30690698434702846,0.5574922873070385,0.38137350362184463,0.20481514940657952,0.7699832439998016,0.8038792827085697,0.3772645275815325,0.4334874408389098,0.40088193439760644,0.4343470058421346,0.33013157235520474,0.5538389231012957,0.16429524628389736,0.38627676095989116,0.3666873404999178,0.3363887114245898,0.7396639141190375,0.2862607929015333,0.2593100228541836,0.4914520132990532,0.5932204496294826,0.41740475183828707,1.0,0.31282011592355996,0.26462162291112,0.6148193081198485,0.6774993478053659,0.23226761600750834,0.41432276742705376,0.41028737978512453,0.6408569069915107,0.830171053218276,0.812243416304467,0.7540111989550269,0.3571992672864166,0.5795844344648771,0.9149133919092876,0.9783915994728076,0.7077812000307713,0.6187950140846539,0.5087428909279605,0.056324550225770764,0.12830066943883622,0.3751296937297681,0.6654832168448976,0.45400719568356074,0.3341641290968589,0.15665346942098513,0.37214808509926023,0.47734900280720094,1.0,0.4263250780873591,0.5492324521242988,0.41381381931241723,0.5947019764398886,0.27183658950552214,0.6128221684205073,0.579791100407876,0.3386783063750425,0.6241053034148081,0.421605957649831,0.1137037009862727,0.24551776465853692,0.803816514923767,0.49091349197056644,0.4849669654059685,0.8944237228089094,0.37263220492348026,0.3572257586914276,0.7493871615756724,0.7023703417296838,0.36269160828586067,0.2796514284395659,0.15075520582349,0.028473131100820837,0.4675461843295352,0.7140642516085531,0.7894787551660407,0.33711947083130944,0.5644034746069639,0.5750800398879914,0.6369669068475119,0.8299779744525466,0.43953906945074017,0.5678840683686528,0.7368908092949233,0.475018688429234,0.5039448023414206,0.6360891640340434,0.0,0.7197749470763988,0.5144634446538383,0.27946805246637396,0.2558341899293719,0.17865201393727403,0.6467937941447772,0.16811847532936142,0.41204071365788764,0.8159389912568926,0.7348189973923116,0.5555608466560464,0.5586556462627481,0.24897510369368447,0.4826826222930567,0.03827613230918914,0.8593883303803764,0.5523875900312598,0.8703754630287843,0.5766457176012594,0.6962176535799678,0.24318104195696533,0.27151029692513085,0.2816485922991898,0.4493218418680627,0.03882446893660685,0.2562251668627251,0.0,0.37590951669962536,0.6062905455808671,0.15625046544558252,0.3740959899338341,0.5957564082898035,0.9681439023123524,0.0,0.45369694349954237,0.2609505824747238,0.5476409007903058,0.14404976549716686,0.7254750484542143
C3L-04853,0.4529046973488402,0.9393035216541747,0.5421750710570947,0.3375903402030378,0.4637169142696571,0.29091824022948565,0.6128726893958429,0.5151739333143475,0.5883352268540598,0.3011735642576667,0.6426586046188358,0.48486087375187026,0.3539886388450455,0.663418230248384,0.244868390922921,0.27242792394159565,0.46641984619245136,0.2379309823959943,0.6271463357325242,0.44009416938664536,0.5014587378682336,0.7998090307322414,0.693233712544429,0.5607293583320541,0.5142547555307573,0.47491127895648333,0.3307361336278518,0.4509482414248325,0.8480913030164174,0.6428345328859368,0.27138090398189973,0.39663167157090307,0.6608310133181838,0.4019005073637949,0.4515147526719874,0.6906035241756951,0.27244250890659316,0.7590458441607542,0.6236190400807358,0.29320585144856004,0.7007050194743734,0.9305905643262609,0.7015869360501124,0.5461276622435807,0.45641602445322604,0.45665096134284155,0.44606839369307494,0.5064008686788188,0.19145465063604306,0.05056952065306142,0.42250694293804436,0.025091321402589628,0.4418396549133554,0.48016726259905695,0.14336365447723054,0.5579442670665111,0.6720584493092208,0.4227049871807611,0.6418682782473635,0.2175482845568517,0.5005689245261351,0.6041496640263588,0.46106402701794735,0.1891123636046963,0.5083562300033968,0.6186280790156236,0.5211138688717867,0.3831926885038843,0.6493468921990679,0.6259244188804907,0.6885392164027806,0.3513440674096948,0.03578202252985285,0.27019458159872833,1.0,0.49730208854818336,0.31530245465966367,0.6904911864338468,0.6222550711943615,0.710623149938975,0.49175023742997404,0.30481609293778433,0.781741319602439,0.4318149104026512,0.6157363058313976,0.46952541349520516,0.3197161104428954,0.4336375157988748,0.5252619500015729,0.34589219839874374,0.49244218527410766,0.4547337022939111,0.5041061634146136,0.9496973963638737,0.5848679426814378,0.4581520135509578,0.012352043600621698,0.5602091744645286,0.3140032297306101,0.5567985414034098,0.5915840506487662,0.2803366235249518,0.5438537035696474,0.6666089055118327,0.8393998216890148,0.5257325489114031,0.3598367545067198,0.26397264535502174,0.5526357076003805,0.45127256677079686,0.3710455238741659,0.2661311012657679,0.44100256639286606,0.20133610780356292,0.19926007354179198,0.3973759375265189,0.385243053306743,0.28763431677064943,0.70837182300078,0.5173097762767611,0.418475702067429,0.5561143418571959,0.38362339922194444,0.7280448563878892,0.4125890660360234,0.6239805448891111,0.8511949679347897,0.4005332679349891,0.6004727021478473,0.6693696227601293,0.23126722156163737,0.5409597618584154,0.4066805799287394,0.6755973658556815,0.5381937000804022,0.2088361017155096,0.5852512257756306,0.23997842642574074,0.734946134693967,0.519458394337434,0.37398729408536013,0.7457707524570845,0.5162993663151969,0.5841672888991667,0.0,0.2642073625969008,0.43649807788804473,0.5517784242427499,0.7028870518450709,0.18592725353634965,0.5589895645498473,0.5238535974624359,0.8183925756959631,0.4007297748351437,0.6116610497849813,0.4741718731684248,0.6654820222007132,0.4682177849835316,0.8286588740688563,0.4049202983002722,0.8273572473152004,0.48076500500118513,0.5180079118920915,0.5251436547353592,0.4501502832082531,0.28438772863504624,0.4770300160816525,0.5810256168192431,0.2948019191418343,0.5993632269144875,0.38096629950460326,0.6784932602471887,0.29599343448497306,0.6478204193813966,0.37368018752458454,0.1494359436422883,0.22623467037075784,0.5705209136225644,0.44197067132307666,0.5676799753534798,0.4518420999707402,0.48441702167281164,0.3940765082369637,0.4167799628186568,0.33989561271577884,0.34986399954080305,0.3810672807162412,0.6421853024855437,0.0,0.7304251789747127,0.27390858306281274,0.4893992826027631,0.4297067510290091,0.8468259897145227,0.38338153407995534,0.4160350330740492,0.4069106233601154,0.09784871268541906,0.05947979975214901,0.37132681470624895,0.7614582381196833,0.0,0.3646409137876496,0.3724427207256156,0.7779409436610396,0.5905333144994431,0.5322447923541995,0.3010456309362546,0.550461504854364,0.37361265911607155,0.6071687703357114,0.6064021740002898,0.5685422349456575,0.7887562464271092,0.5500125000720608,0.26094840621961524,0.343479290911624
C3N-03754,0.5552932518578064,0.4989458691395221,0.5744087916633127,0.1210018768426604,0.48156171684383864,0.24653635633631943,0.687656948213057,0.66823774100442,0.6381946995557186,0.6232133229875423,0.6875279167608426,0.48845500821538756,0.412704526159521,0.5506959947089367,0.5746603975398266,0.15148219763513282,0.5907196781941408,0.17834457093782774,0.7460164871006381,0.24718828024450445,0.6668106941891914,0.5834898812745966,1.0,0.7998066354307838,0.6620949089271342,0.41871593182695754,0.2966660841008846,0.44047055459287066,0.49616370114480546,0.706397038132506,0.25127067793466296,0.4531439275503102,0.4634667814691067,0.6067241347930086,0.5259236090901211,0.6007834238230645,0.3071370288972659,0.9499178239785451,0.7477392205389721,0.5927974828449223,0.7391683401372084,0.9447274288521132,0.6497268422348226,0.29881267309240833,0.5701242174391261,0.3518816133437479,0.6212138222362249,0.25865528788153647,0.15130269609914393,0.1880042907699373,0.36567882220082915,0.704181392519196,0.6892338398994529,0.5348849170786494,0.08108912654790679,0.5428200480758392,0.6621661559996248,0.2945563873634769,0.7338275611898091,0.37630770421765014,0.45289142892509915,0.5810536939803441,0.626494058167852,0.0,0.4359222298241221,0.6625124322594775,0.29756349805165705,0.23086804503760305,0.5436953751365596,0.7549433394684009,0.6606127590160877,0.375639403228055,0.3142262199328929,0.12849023027660422,0.43604601004581944,0.5354374401249213,0.20061415972263852,0.48212626292164185,0.7224440687079774,0.6740966727699096,0.4282370174353485,0.47731779474667846,0.9779484172797535,0.7074230036934086,1.0,0.9984441375184794,0.452547086724401,0.43726676651462526,0.44592506343241745,0.6785341845701005,0.3562385184170367,1.0,0.7676517921188992,0.618081035818026,0.4390581569560794,0.7794458328631393,0.2643653263116903,0.530681253346561,0.36288128750424953,0.8702476431735793,0.44657061812568166,0.6160421552240107,0.38939277237658665,0.7003839647971759,0.7116853935813259,0.3911335068550734,0.42829080682538034,0.29583934545225077,0.4934807820801037,0.4942181622948496,0.5532879994832598,0.5975147998004324,0.5221592519089064,0.3824656315184143,0.4737362295597425,0.3035814078297463,0.46244448176905806,0.36128904282206875,0.4666276300304739,0.5969851663164931,0.3505983468942695,0.39869473136714717,0.4531201616057263,0.6395800943177452,0.5258473379041284,0.510740265125456,0.6473987102139667,0.203846043414889,0.47438681264492466,0.8668761590680099,0.6994020310048654,0.5653679306204831,0.5241356286788807,0.4647486152538214,0.5262588179023311,0.40034668469290846,0.5428307415763793,0.4609851577856352,0.610384687448434,0.80157599184124,0.34997077423662226,0.29088789442892615,0.3149623766970491,0.7597810145468884,0.3292912084376134,0.15425366489752967,0.37745169654864874,0.2922578428616731,0.917913443509601,0.6042819698141955,0.8495163957263117,0.6507739008624487,0.6415666873826211,0.5508462701708741,0.6888694772498241,0.3558304316090144,0.5159145454012943,0.5494871441667684,0.7404362330631189,0.3160585672809795,0.6399112570672845,0.6706222117413105,0.5972076948554736,0.48258089871023735,0.5148860534627913,0.43038181063971237,0.4919927618421518,0.6991249110944047,0.2578825957601918,0.7234790590341813,0.2740709263163943,0.6150527139939239,0.6061982910759833,0.3741769463873261,0.48447787434779954,0.5668243436657576,0.6974450575330877,0.7037637222665296,0.533043998789509,0.6253334644416828,0.4610361454909011,0.48747654130587037,0.46864613978883085,0.5653604439669238,0.5820719384840878,0.23238166141181527,0.29845161885678806,0.4548461952449454,0.2393946098309261,0.790921810161656,0.008404191202785682,0.5609736257714424,0.6783855956315747,0.26809894803836265,0.4861511054659262,0.44323936315898926,0.40605533688336415,0.554541096901433,0.4157549468939874,0.3148577347424606,0.6608494087587982,0.5730522287581143,0.8858036342286582,0.5953227147827551,0.7954072887257646,0.7100711632383323,0.5414005855065529,0.5194293769601472,0.48107500867912734,0.6012794891093396,0.46560430700153077,0.5600128121023262,0.5994240349836772,0.8675732489792018,0.5512629323369715,0.5077754658936176,0.3872315041464489
C3N-00511,0.4544533947791525,0.4977154977473752,0.5743006645874118,0.3868047288518923,0.3518362112398563,0.45502447849586236,0.6380664215186798,0.5602156923034212,0.3509870730685485,0.5444217601334955,0.8652985694856792,0.3996838894630885,0.22352763071756598,0.6239168089015479,0.6412522102772726,0.6777463776486989,0.6973028462426871,0.37428166214102276,0.5308669885940969,0.43345610745765484,0.4730044584959785,0.8834884543121397,0.6634902144397872,0.5798270513624963,0.4780690957936926,0.1985722975444535,0.34675249382857487,0.41537122545651073,0.6013389276381229,0.7331192844111012,0.43121537557986045,1.0,0.9861909988682882,0.36376058721168647,0.48860008559311296,0.2635110809492973,0.19835570772778865,0.4442765302212752,0.2085884076566522,0.5532585161855881,0.0,0.41611191606046916,0.49091254318306277,0.5634034417822407,0.32476928922863024,0.14964600720367294,0.5283978735588732,0.6013206948869083,0.6569422923789858,0.25384681454433355,0.44429963973754294,0.7584908150297061,0.501941993951105,0.29382720580428057,0.37463892885806693,0.4646141457796773,0.5640614734663743,0.36407158744080315,0.5580355539579678,0.38654697956513573,0.5310543145245408,0.3912700686069748,0.23553218022582456,0.250444622081055,0.7683719661725164,0.5526001132001657,0.343673600741786,0.2779200838195912,0.46715765924011343,0.6616021914604175,0.7812108796249699,0.5698123102145694,0.5363297621155958,0.3727198432692136,0.3585289042970139,0.5271493918485657,0.7060950493833129,0.7644746504127022,0.606831778357348,0.3508756604133474,0.4637402015044376,0.7304756411673985,0.397568043011173,0.0873235430834507,0.5903742833092771,0.6659283673722101,0.5450411684917444,0.5205867940915923,0.453402268247066,0.2854522360118068,1.0,0.6360619955492304,0.464434494581182,0.6680082323877397,0.5886436386341689,0.5149947850016439,0.5754991407392644,0.7803286385858712,0.3908692487317724,0.8233769648993512,0.5845042321659601,0.5781696265173473,0.5517222037965483,0.49790314727906804,0.7168877447572104,0.472576282719249,0.0,0.4749779194353856,0.2522158255320477,0.41441532734925346,0.15005463181248402,0.42566250189740185,0.4216958663905501,0.21914285008134016,0.6196460519201974,0.4069023988581346,0.6309838161659176,0.3008969296020716,0.7705373411653689,0.7432459345472431,0.5661412011836422,0.6017987586700464,0.17236782630671854,0.2954506959167311,0.3911664355832407,0.7015794210677164,0.74053139179839,0.35663939439114234,0.7266462640163862,0.7211480693093755,0.5769951939301095,0.5933449080222544,0.5872481167658954,0.7083377632530654,0.577818126213522,0.36035285941030804,0.5226253967598655,0.5538405385041143,0.0,0.6673711783389145,0.607138788165134,0.28582424931629014,0.26610529778190095,0.5576596819645658,0.6638043586943994,0.5921366315392955,0.2316913779379952,0.36997585013897805,0.7904911501260301,0.3087754510643874,0.6229818258870239,0.42396652007613156,0.39612456996132295,0.5163714658479126,0.19078301920088592,0.3552937565894414,0.669050554461343,0.7190522949969456,0.6751033184166149,0.0,0.6422465638335648,0.713069042167298,0.4522973343683212,0.7629202098052108,0.803688823408871,0.6355514325595166,0.45201420323552455,0.4750971465837548,0.5460468098808064,0.7229739350599935,0.30146562578280367,0.6768889039789716,0.9606804506851225,0.23049351305372667,0.3349052192158162,1.0,0.48981039385275693,0.7812558488013819,0.42624493154954024,0.49857060517024365,0.1554104950791313,0.6560660794335131,0.286362456744385,0.7969509053602302,0.7494763696109814,0.5346412355132042,0.20265927638525483,0.42834192237031665,0.18063469065997317,0.6029659258745319,0.4434967654705595,0.26798771766494944,0.4077387271075459,0.7155648186754622,0.5503565567554025,0.4666942237206957,0.13124525509999607,0.4578288277526532,0.310851024245808,0.6231480092898369,0.35928263367972235,0.6665980556984188,0.5527083694724197,0.17442911877684075,0.48673486060495774,0.954584580603834,0.7722971300885204,0.5513262468413007,0.36071507193854746,0.8498835818140282,0.4419269029998496,0.5951917961999733,0.4466222931152366,0.6530870882506292,0.6886347194615396,0.34724734615051567,0.381601619362435
C3L-02604,0.7365133636981493,0.39510262981935895,1.0,0.7469747908601114,0.4320586912840678,0.25928424678099926,0.8529114252566039,0.7572901592243095,0.7256752088648639,0.4950375529291122,0.511982731872827,0.6375359761225194,0.4553595174049949,0.3147020901995585,0.3359132422414355,0.530345710474375,0.6714654046849802,0.1523961968386267,0.42274440031348526,0.5364626328000703,0.5602136112103651,0.13749630846976935,0.5244098817757576,0.6840967442673325,0.557749413725741,0.1978220981114749,0.6378143647448837,0.5056193807903497,0.701052597032314,0.7151070624668474,0.8976078246258368,0.3492628127134987,0.2913948725389801,0.9068514009873176,0.2626608205541521,0.261397759888804,0.22818228296374343,0.19757046796103417,0.3269434773913895,0.4615001336216551,0.5671974374046655,0.786181661725605,0.4665843993539327,0.385901190718958,0.6148249075999068,0.43416403064621,0.8519051509552256,0.43114254271078956,0.23887247164288894,0.3564037111401017,0.4557854655815179,0.5898748699332756,0.469450480230746,0.5615134577449581,0.5670354821535479,0.6991187977128641,0.749769651024053,0.779185081967896,0.8327199314307716,0.5717720288742996,0.4900619182853845,0.6063410712425963,0.06131566788840104,0.3472596313440306,0.6310209779101754,0.7461565293934278,0.28749545429099754,0.7774949452457296,0.2693991275345038,0.7258115537071745,0.5425735495787478,0.07976324323101736,0.3683166286462143,0.35087900203598243,0.42256534625101416,0.6203788887079558,0.47049319191024175,0.4693283295368529,0.34990405222025345,0.8582885113002909,0.5073016255300384,0.6868125520937838,0.622750028736295,0.497900486034097,0.5144378997330215,0.6276105544157389,0.5106626843191542,0.6134480785478047,0.4501231747955998,0.43617994738416854,0.9192821659750408,0.03735490317553669,0.5555964823495927,0.6116637839867156,0.44286174255686994,0.4787754400437265,0.7354615055100453,0.7817846945938527,0.3861730172680682,0.7627549067559034,0.5145142662933555,0.08550852772085094,0.2039408206661646,0.6975226035572302,0.9422076718980703,0.5209135810337706,0.342327780109148,0.5250192047558571,0.28122178927341857,0.5438943819695723,0.3713049169978646,0.3726175516275436,0.6082963071778043,0.24440565446958473,0.5388424905988174,0.1916719141487775,0.4952900698708209,0.5830908318996144,0.4845703669668193,0.6674013051222687,1.0,0.7351303065174051,0.24996058035555535,0.4648760018696567,0.5688323815828404,0.7929368706874769,0.5312141405273199,0.3547099688028936,0.14459867420213612,0.578775230292667,0.3323640833522177,0.5514495808625268,0.6048525890257039,0.6382784866767706,0.6314984853541397,0.49208268457823134,0.6054532748524668,0.538167660720096,0.4132292568448648,0.41708648103119117,0.3693189018706189,0.3096347727218838,0.173060061040319,0.5645312468456787,0.5149985303418134,0.7166281849408804,0.3414385087180989,0.5605462787031783,0.7848735715120227,0.10048984391481319,0.680188733285604,0.5509121199008327,0.6097477618184826,0.796785786354075,0.7524498638961923,0.5165367984497333,0.7548223577792257,0.8644748620861478,0.7565279224535093,0.3388164903641986,0.08673970303997613,0.9371894519238069,0.7303567949838552,0.35206221943881566,0.6824852498821139,0.7568108118369459,0.7062558308391527,0.7557884627982645,0.2854036720808786,0.818184391836752,1.0,0.5267170766155811,0.0,0.4211385348916288,0.7096174467630441,0.5412107706427935,0.7762664445877121,0.22376326101575295,0.5235160459687584,0.24337086444533007,0.8065870823358843,0.23206975798912133,0.39633592565750675,0.8915330156900119,0.6877970466789449,0.5674069861700692,1.0,0.7065252442302921,0.5193918941762288,0.6834474725769866,0.6865814046786021,0.49793754616796093,0.6626717427460029,0.9264375621814249,0.9886140221782584,0.1441409104455218,0.32830006121035993,0.6230431122150755,0.335991139986898,0.21206609898907836,0.42677708209089893,0.46703633526664845,0.6774482227893301,0.243503294618872,0.20747783168268796,0.5103526542752084,0.5195426438382871,0.18368240308823935,0.24008892313638253,0.8562632810147104,0.5842884987720325,0.33729387430811375,0.44413915390712866,0.6632459922007428,0.5165638912720887,0.17633208936232236,0.4521868116771621
C3N-00249,0.5423876244035046,0.6599175633918968,0.5423202713991699,0.4052806509551008,0.7078564680311814,0.4772817782734071,0.5122770358863526,0.5715766432438638,0.5866599267480588,0.5157461269565502,0.9114573701328954,0.7619736288336538,0.04939732711398648,0.6546945951416081,0.18430295985867673,0.242067225556152,0.5519838134988095,0.3945304296263856,0.40590128115250756,0.47361411200038894,0.06813602952378872,0.6853573821543346,0.70648482601203,0.6723184275060561,0.6704141275834523,0.6480768626962163,0.2476957133004838,0.9906776458010036,0.0,0.685268313498522,0.4044506543918942,0.7633233363978302,0.6911604265711127,0.19555798928711354,0.6221271117222722,0.36038820905789226,0.3282101702555522,0.5370486731346062,0.7781297387573405,0.6592355433987009,0.6592378578303517,0.47292553349196886,0.4922578320553561,0.48430614080860845,0.23501707827448115,0.31512057312087194,0.2974686132086788,0.5680111588323218,0.09443555783435897,0.5421878502448632,0.1833111877003848,0.8007209516203115,0.7428148767110709,0.0,0.3464318611411592,0.0,0.7770929636069468,0.20050665973321147,0.888050764008872,0.01755182223861773,0.3351047325563812,0.4918668377274287,0.2683045750992328,0.20949418808109854,0.5480592198971266,0.5366397444358117,0.5143440280105676,0.2767247835997342,0.4564344977387975,0.7547947188042521,0.5962856590800083,0.6627821879673377,0.6504381707404185,0.17950395741919012,0.17193416843888443,0.6031828083422415,0.5502414619901241,0.4157188757358581,0.7670976822336932,0.28548298856084386,0.3414755400162246,0.4698759145614204,0.6940795573763303,0.174170594895239,0.8830105493532088,0.9166070401819582,0.634637335634384,0.40074814227025257,0.411506247342345,0.2953468736728233,0.5555516104814799,0.7108849354905544,0.7283847601573452,0.7184855926936624,0.06562421286181497,0.8737203728775711,0.6910559445489817,0.3004673962493847,0.2617140313949653,0.8441447745008244,0.3609972293025372,0.48151287981554614,0.8830464872189951,0.9648109713821409,0.6961012842639711,0.42357175963421767,0.3406257769095653,0.3715127637182434,0.6281359433005118,0.533879169301251,0.11530952019147733,0.28976189588801216,0.4894605610004419,0.31015512676633605,0.4845050860040807,0.217002277790451,0.6894868288663112,0.15491996711600464,0.09533610208453869,0.6681688089680904,0.16382506517838102,0.6507639554149485,0.2995531432247187,0.19862226770686497,0.5259028060454582,0.6364615199573436,0.8266574532534356,0.21039069644863595,0.5790618883111609,0.7536953865959752,0.4505757152888563,0.4040310491517567,0.5603953330431715,0.6692929193688704,0.42452583913467734,1.0000000000000009,0.5572171535452206,0.5179002662571754,0.3297093382042853,0.8944976247422076,0.5144530784426085,0.6391541454420819,0.1525325658752399,0.6816303345515919,0.7894780166215263,0.4222957615810792,0.1704417889698533,0.3880090566741359,0.8036470100167392,0.6342443704342902,0.6957979273110446,0.6042834964683408,0.8350827669760115,0.24388818438002602,0.0,0.17653401925650591,0.6312872979672726,0.7134557326406412,0.8334996174980143,0.6615711005406766,0.5412666240753179,0.8581298790831227,0.5766549874582445,0.5030662059171789,0.8972043291727614,0.6448174087927363,0.7495105940283686,0.531995537713815,0.4193723389824058,0.5802630267948672,0.12087398887582879,0.9999999999999982,0.5074497264380056,0.4299968523521045,0.31744905023396797,0.25064524355360795,1.0,0.7235592080096653,0.5183971324224927,0.39708500342003106,0.2267753384756972,0.7871660606046351,0.0726885665079493,0.6382293833953785,0.6262869118209551,0.47726549892763703,0.1883022092210318,0.5884471759375298,0.1825368398592353,0.8581199151940897,0.06685811180863865,0.5725310051891643,0.7788183357362328,0.7818299279630576,0.2801933357191997,0.4998456754495191,0.2927552376618472,0.689877441564688,0.23140176203688734,0.3176441931103877,0.5408607928127971,0.7243786663420408,0.6355339399373818,0.5654015748258523,0.35089315194122284,0.7467408616085462,0.7431656749449793,0.3940003122161677,0.33109387867691886,0.9221295172252386,0.3717756170128439,0.8155559340651495,0.5172145583078365,0.623806002010376,0.7366985636926273,0.2886897340477681,0.4330917888446173
C3L-00277,0.5255641136193141,0.40397895696581543,0.9903974101419522,0.9782682387350476,0.6211520136927344,0.49326028712743053,0.6080894208417149,0.5244577983463348,0.5414756598811898,0.21066850389334135,0.6247964690392553,0.7047089306138918,0.16183948936841297,0.4328673919965489,0.30907354640055473,0.5497290947052811,0.7290414332910178,0.498440030036015,0.4454919284991501,0.2557056789161276,0.6217536613456005,0.0,0.6813152669163465,0.530558935336618,0.2143204942144017,0.36402927445276845,0.5909250216482604,0.7696398216765026,0.6979650430000817,0.5005207066912032,0.5405820527139582,0.8878319335130431,0.3087292950245235,0.7209807398163868,0.3509309395316196,0.39375864525478743,0.5307934793786018,0.6729723032676915,0.26586400400491694,0.4140911833464198,0.5418928072841069,0.5057453982346605,0.3210425404927988,0.5361692261399349,0.5299344717828909,0.7269437145115205,0.7782932275320071,0.5697702027202549,0.6464245476866743,0.2729771195651267,0.4500194553385404,0.671637042470584,0.1843686748204867,0.4535824431707631,0.5404997245879741,0.54370145215535,1.0,0.7773238343526212,0.5649620258386054,0.39978205506192843,0.6367723945061687,0.5153934174139501,0.5887718827104216,0.8574695230037435,0.7213784804600465,0.6905992830718457,0.4146965509653491,0.9351407481881591,0.6654993619150034,0.19489017919328333,0.48839912856018586,0.719080186149716,0.5487905698876752,0.5360611084646032,0.41504333789312753,0.7278062018260041,0.4292247595421479,0.8542506461491302,0.32573054500170784,0.4457604872194558,0.0,0.5767390902372469,0.4936896490436009,0.36324506557183334,0.0,0.0,0.7009949787179863,0.7645234384421791,0.1720177379177592,0.8498863371001661,0.7685941362569224,0.4230909204670379,0.8369801315479837,0.7027987479663445,0.39548295086979834,0.8207266790330223,0.23823909070256377,0.8990875416950281,0.2583735915985308,0.652663394739438,0.43209281650926634,0.38456594677226263,0.8320937333066807,0.3206588533951624,0.5075328703638995,0.5267043074131266,0.7078753959523851,0.8558054205653569,0.9895968747681589,0.19739331118147163,0.43543457525946394,0.4525566324679122,0.19548174836460674,0.5640697013883784,0.48235657810300125,0.08741968731938954,0.5363915875963556,0.39623193947782553,1.0,0.47947086402167116,0.7163434811097105,0.7547302952587316,0.2699030737218955,0.502854068631855,0.546673413480228,0.8624485175453742,0.15086281976944527,0.8184471841025136,0.4511544058082624,0.11446087809802208,0.4361812271613985,0.459164628025464,0.574411320124554,0.08337248650602547,0.4960711368086699,0.3885339341235321,0.6164004557448841,0.4130221512261283,0.46094584134519323,0.2348437658488649,0.49480764550647827,0.46829958836864183,1.0,0.2702094549640712,0.6811718094637484,0.40024349788955504,0.3155394011455144,0.49427997969548976,0.5118542665695962,0.47353073512969335,0.2706854974035622,0.5123370112601258,0.4490553494933991,0.6826672749460432,0.022485438843666827,1.0,0.5799465110138406,0.6336471598980467,0.79143993371859,0.4512962363383046,0.2636166794162431,0.5870974808031129,0.37233006855423767,0.8602797244906686,0.7149357931673572,0.6975976768137571,0.4531702603512535,0.4702160710897232,0.4532146636639389,0.5944422586246141,0.34487292043569795,0.38209719187723756,0.5758753231078919,0.8342582419256672,0.5854379913746683,0.5836268814130836,0.5845252239468515,0.32839529184651983,0.6018406373374106,0.9685127384686822,0.03905030779357688,0.5684006023826189,0.3782214342847503,0.4599673812235707,0.5351725228155892,0.20120672776472848,0.5719120959345858,0.4328905606017468,0.470911187317995,0.5796304923936137,0.6061497295076492,0.10695985181425982,0.037093744749107316,0.6351905917865732,0.1646028859567581,0.5411057678666538,0.681662735810459,0.6194513327752045,0.15411159297917676,0.37700952492438766,0.2714513676547812,0.6248471090931407,0.13450322513258328,0.522651777107157,0.4071284074724777,0.6052368124047014,0.9457480866447519,0.4569404633536962,0.27131115411276774,0.4996230712499319,0.7688743414578809,0.42236826181271425,0.5165409255155673,0.4221236396357675,0.5306841152618595,0.21868251418973372,0.5473364611504117
C3L-03123,0.4731128427242215,0.48487563752588514,0.9593984156804751,0.3564555814994268,0.46189390966244304,0.06373888176728304,0.713735233693594,0.4945515794254156,0.6757433604347192,0.5964297426068583,0.3120827162928457,0.47357133462270884,0.3106100881887457,0.45530208923590365,0.28094614857402433,0.3217027935297665,0.623089668092641,0.0016265796968149004,0.5482971867722295,0.8138351015314012,0.8312249097049929,0.55684272479236,0.5534069276571572,0.7054044582032795,0.6508646205758524,0.1748947734689601,0.29784755314134514,0.6250563912565568,0.509538957386928,0.6553601533272388,0.3445660134437034,0.4816931284388204,0.7468285607645715,0.4668660495787975,0.26531554304173444,0.1828444116892447,0.40570847827831713,0.4626910721660522,0.32552998100663455,0.627483844493673,0.1962057531510446,0.5948405557921461,0.4910705204659229,0.3244369871002095,0.23773231461644784,0.41154305436084826,0.40040435133041186,0.3726031580157976,0.7450722475165676,0.3635773815874135,0.45395766284255235,0.6113219621439807,0.41368091698437226,0.2804025743970975,0.2861613112070671,0.44254960468144766,0.37404032415949473,1.0000000000000004,0.7027582544201181,0.387813831643502,0.44355269703079614,0.0867805272729889,0.2627649888321084,0.3871048429651651,0.5260360815838183,0.656805746132207,0.6594207189671923,0.36786326802445046,0.4141475917246975,0.3808498364862629,0.4366537321216484,0.641146952652365,0.3701994192633702,0.20239191026611092,0.47700629044046217,0.6696501849757475,0.48333885229440554,0.8883017501136985,0.5267339712909376,0.4086891745721424,0.6040538762034604,0.6636880796267555,0.7648639235329835,0.22103130565152096,0.5343938820727558,0.9488564017088095,0.39980029595548494,0.7070470953545254,0.44685812372027023,0.2509675846286967,0.09936765486722976,0.47497576568568434,0.30639542274641407,0.7211468214683574,0.32765128910125085,0.5468741645043806,0.7319768289470261,0.7592390964273275,0.46586887124330634,0.6981940573330672,0.4826199969712217,0.7095800026288748,0.1616289008448204,0.7422261192597919,0.8343342334645039,0.6013815547481975,0.33671122008615484,0.13964900728803187,0.2548451078797722,0.5613685582770955,0.011784532883382326,0.30499647007006914,0.4960481669036323,0.19117972179462583,0.6240514212840207,0.9411668313363766,0.4722583927629671,0.23801423206364092,0.35857167881289254,0.5488070770427775,0.4383510502881265,0.7816012162930974,0.41526359696011994,0.27824862491309155,0.0,0.6298861355713186,0.9108622696299804,0.21612915678070888,0.4912838416444636,0.7622594587932277,0.5262255072693982,0.4242082914776639,0.5303416245367174,0.6896608501956276,0.5212263001426933,0.705001081428116,0.2490833347918997,0.013441959772004353,0.7476018495317689,0.785177747156041,0.4265403320337775,0.8890320513575931,0.07173126147274012,0.6525434823381744,0.8476627364936355,0.3353988737768496,0.4199517351781754,0.5125465726290628,0.7918698744232948,0.6208428803094401,0.7061477831175544,0.5378486762175925,0.5121427761634614,0.7117584064528497,0.24145844629496693,0.3898523976086956,0.5168034214393344,0.6055069605715211,0.7383548523682402,0.489803860579201,0.4330364908082647,0.8783800697781565,0.5912566909925019,0.5089357193402151,0.7033461412260325,0.7620563105600766,0.5484209341187167,0.4420387595337836,0.4852087420306468,0.5283127978471445,0.4039179007739797,0.7174635151728648,0.6649649419885626,0.48529565693302246,0.7913377032836522,0.3596660590846579,0.5563924840308587,0.6647730929855831,0.6326641246223694,0.2866410078325021,0.7390362396341672,0.5317695024099649,0.7285764457663184,0.724668325408679,0.7990928211384123,0.17852684436989374,0.5888012407992669,0.5959252102353254,0.2880176102920924,0.8491235477855454,0.821496492920506,0.6879335391236339,0.628830667795782,0.6878968782231656,0.6088277259611532,0.22630562178937375,0.29793547061297687,0.5795868653202465,0.2508858560075695,0.5974878608498031,0.6207078872179377,0.4021143532113376,0.6089226448974046,0.48204300767371144,0.4208666863130124,0.6854276521645248,0.5683716154358054,0.6373037186149801,0.40757166812927714,0.7340183728162604,0.45638731605009397,0.5581218828634098,0.4964692873626504,0.7860579274719299,0.5438522756234931,0.4118879293311508,0.5259172740466802
C3N-04119,0.43198210062124254,0.46025172605184395,0.5551787036205162,0.6161656561628153,0.6022206781654003,0.4198229152420918,0.49078473372442133,0.5248989230322092,0.613279203270789,0.6755264753513579,0.4654192530616381,0.4902594597469898,0.2940609906041889,0.6629128631010701,0.17283782014269278,0.4952757263273284,0.8100926757650271,0.6310320769047237,0.6837059019091551,0.32152853675242987,0.4295745375073423,0.41191124384372646,0.5557554284851394,0.6789118828252398,0.5404013180420755,0.4384008916097617,0.3774843922292419,0.5756904057678902,0.5922572655538829,0.6672676884877013,0.3684012461077728,0.4420441530473669,0.7413093999015423,0.11672641621408175,0.6995059705259568,0.3013482994700638,0.31255512688444753,0.49688977224779585,0.811878626680989,0.7286075343854623,0.5299706703141567,0.7588704276669045,0.5341374978743101,0.5703861992104806,0.5501032674543858,0.4804713966054912,0.284845802542808,0.7093636215081283,0.5709913623779492,0.19665964247261059,0.42998842696619644,0.4450211212780548,0.4645121660998992,0.6149885597842406,0.21254309616222322,0.4873103145028512,0.8142922140572537,0.4995495397838279,0.6122580926390793,0.26626709391938874,0.5940234324074023,0.590088388829237,0.19492309406648012,0.45945407359509005,0.44670104393233245,0.479258666989848,0.3505772868878001,0.5298272413317111,0.4882007828710915,0.7087054728469475,0.5925355302821185,0.09992435305709257,0.4052711848723707,0.629636886892722,0.1972108172281697,0.5352102441692121,0.4313477794521994,0.5875732331618471,0.602368950002516,0.790146413400997,0.21212656997284896,0.7001971362659134,0.6552479959481978,0.42170150858937827,0.6125387927449495,0.3442973654405499,0.5149336729066256,0.4943287408297792,0.495554387055714,0.4674529400259537,0.5265976912028876,0.42284756942627943,0.7512637543304681,0.6226753233507623,0.6393216426015602,0.5752258427463985,0.47387577966360084,0.843109921662279,0.22388146709395595,0.6772402716605903,0.7845957777047392,0.22732393290481934,0.38221530419086935,0.463683279067137,0.8938315001392052,0.38910710880731614,0.22432385665155863,0.35763818642531575,0.7068552703262743,0.3070945274617962,0.6663847132781306,0.396427069378702,0.3938286545457004,0.30480905133142144,0.23146138737279642,0.6072702629586804,0.4036955002674816,0.29673875837635677,0.7840483762604897,0.5167203643954998,0.5506862828497248,0.4901686034772048,0.2294818939779102,0.47159485267651746,0.4295049581720711,0.5411891188049296,0.6409554168819529,0.380135534634344,0.9040020993563171,0.5814049080626233,0.2453008323176178,0.7912690017142041,0.36494482762198643,0.12313591336792218,0.5082891513681496,0.19650417252118668,0.45126497505937735,0.32160693331557066,0.5762270005987276,0.5736444569137227,0.46859684502826937,0.5372927675768064,0.7341746537606584,0.7301089023883343,0.20795985388941673,0.3633263104497466,0.5920705980473606,0.44878449992448566,0.9125947201130558,0.12650265177073283,0.31941779905968204,0.7572044367938116,0.33805215698687263,0.6491929405632675,0.44497742710512256,0.3763393057456135,0.7028906657369163,0.4350724172800966,0.7736443209421395,0.2951804193482417,0.7591054970114612,0.6397472757943596,0.47457135230215997,0.43887626870803764,0.5586971152553328,0.5151754642909374,0.5049261994782874,0.39315022168094593,0.0415560139809692,0.7334698270692126,0.2574483236959786,0.6228995730875742,0.45540409129536785,0.6828202976803333,0.3581912098571607,0.4911295766845889,0.42520797377918385,0.7911726067145368,0.591098317041439,0.7409080631451772,0.4136511094759676,0.24783231091921643,0.7858872371161674,0.5705744063253952,0.6477256158216598,0.20591126505746793,0.5018470908347261,0.4936191863078907,0.2933880284569632,0.7202153231976105,0.7129315444490985,0.39676862466914464,0.1985302737418877,0.691370634008976,0.25462090828839923,0.7521230100055956,0.5804467417657744,0.6082485867813592,0.14030165580876952,0.18080860759456385,0.5158283366429801,0.21788725209133197,0.1391998182243981,0.51800005999287,0.606258433027643,0.5497745351271996,0.346966524175647,0.14580785377607164,0.26074866401618557,0.7158814874453103,0.7021284711237286,0.9606594637340615,0.5398754906326744,0.8818884863817935,0.5714223929255304,0.24929401059066514,0.25339721341310906
C3N-02971,0.629838535214347,0.48240912454797424,0.5834968173634607,0.3758362877140211,0.8006215695829351,0.3999748069656448,0.6063226611106209,0.571711110719578,0.6308557106506747,0.925386476611628,0.5321873755180953,0.6416857239983562,0.5666435720036631,0.6578466205769917,0.2274086110512279,0.13880908367497824,0.6053147955450804,0.29646350047002556,0.587041531733254,0.10555364029716507,0.31142719022693655,0.5703177805064845,0.6516426531653616,0.5902482386920305,0.6645523493823866,0.21028891475102185,0.42198344862960724,0.6927936389778964,0.2165246261263789,0.6190005793142692,0.4142838127196242,0.4377354516144285,0.5203748660361516,0.06492508485574788,0.4381486035128832,0.9999999999999991,0.22427810331093312,0.5985317202242584,0.44327954367728495,0.81858943551366,0.6524387013539226,0.5100960713848419,0.42992478833254966,0.2259093036097446,0.6543355324442572,0.43385839479853416,0.45354513970890054,0.40919995411116084,0.16510471653238312,0.5551595718933928,0.3602981309912048,0.7342040040002935,0.2966513779982787,0.617538882089832,0.14885685047337027,0.1587120068018315,0.7172777708140625,0.4405284170038839,0.7055335019493292,0.1057481494151471,0.5038275835340986,0.21992105739304435,0.3211416331017958,0.46926603343873907,0.6600728849256399,0.45143452385116767,0.3648962093714463,0.5910139754104922,0.3173765343561872,0.6908517583423723,0.5169268878345967,0.6059190087940838,0.5038017224552291,0.2652872583733763,0.20815607614590093,0.5001195421586484,0.662944494988249,0.6808630919313776,0.6563192122838988,0.5770377318941335,0.4838304686808321,0.6666091720962299,0.6651693944085668,0.5202749194449359,0.4393270378086065,0.3076602706033498,0.0,0.4948276413774977,0.7013446674942045,0.15293231822557019,0.38104913850628463,0.4924509711381191,0.5040305534447711,0.6930856529012228,0.08485716745922112,0.7514185483328859,0.6200075427498994,0.552543488794722,0.22675257657793235,0.596585916672403,0.21824878340339993,0.38725304586250076,0.2836943254089581,0.5049639477366572,0.687089937375764,0.5982432632437593,0.26118309964919106,0.3646659444955098,0.5193308634973235,0.5017179034547112,0.14167086025761577,0.4347736684756063,0.5150623365719174,0.31885471204208393,0.49133530434836103,0.29279685798761435,0.7168195388952778,0.35435293090385045,0.0,0.46630393850164253,0.3089326990314074,0.607045749854251,0.3334621284173558,0.6407588066924195,0.5155554548251651,0.5119053198498769,0.8005617788567836,0.1920761023343296,0.5202157417981859,0.6729067429405653,0.3033233975182945,0.44514144613654505,0.07480146249238118,0.09407706528952797,0.46166793536944795,0.29314160412743373,0.4878589628262642,0.41465549795684353,0.6230106542637728,0.7714271988358661,0.3851132431308777,0.6155156565993467,0.32733819856456936,0.8047196755932156,0.4695198677522576,0.3753822407644769,0.34573938359043055,0.43090710251194686,0.7726310992567882,0.33702501319266176,0.5288673628095708,0.5528130116261707,0.768000599180354,0.2391122563716479,0.5091617164294462,0.19042469989323507,0.4039807198890486,0.7574604156367464,0.8214777077898985,0.4502915886799208,0.5697304934394811,0.6505828502869484,0.3796563778952553,0.498159782046681,0.6235894142844796,0.33975602710374275,0.45538414242409253,0.5213561640952449,0.1325139400201376,0.6101106925414932,0.09717391191566094,0.6711333992589612,0.4991313860470723,0.5544308666988265,0.46146312137794965,0.23303997123931808,0.7379444511966398,0.7445245241468283,0.5551307176416849,0.46612028663032135,0.4922583426330611,0.08656489112276944,0.44779953145372176,0.6231148783523661,0.6356166802856826,0.16827441721784986,0.0830434750739677,0.5170039005639282,0.5039788506101246,0.6756376391618915,0.5096308064515895,0.6621946215651313,0.6208214678777253,0.7392365535859575,0.13011340125332183,0.6443955601539191,0.4868073569893703,0.49425431443575363,0.5391443622130505,0.5049279345578395,0.48490249292822263,0.44475568159120016,0.4136766077362779,0.43798201579996743,0.32156576477908505,0.5157144634809958,0.6940889161354997,0.5746563939312033,0.29422428682361,0.8242498620190677,0.5580836426493079,0.7275923159163167,0.37110812919969316,0.6589463133071867,0.6888682953276906,0.47669041273161206,0.4568747514543112
C3L-02613,0.7104056455282599,0.5046772050989716,0.5836166504558022,0.5892805484938091,0.2505723525375192,0.2792184899809884,0.6708512195678473,0.5995359035754682,0.4775472319487619,0.48783214178599366,0.4433366737435609,0.16706008643182457,0.4088205553489548,0.7838327749138774,0.2208933981000527,0.39447502145914726,0.623985651139769,0.17094149056949348,0.24629865601975354,0.7133502687919595,0.8024246169462543,0.7821720051695831,0.6154232499694112,0.9105264460171938,0.8154524948497581,0.3537284854376157,0.6631124661406069,0.7590041674577961,0.6778117291539907,0.4551522123928766,0.4221478547818336,0.3651235511166444,0.9579200265313563,0.5516356792056776,0.1482627474164273,0.29623729343161465,0.5252383618817156,0.9581317064504145,0.41620984361526503,0.44432471924936756,0.5176072713363453,0.713172976217054,0.3593099307017895,0.28944283869625975,0.2525961547866693,0.34340657752880865,0.8400516953010033,0.7903360810507039,0.17514095700460075,0.30124919361469615,0.40798852770238714,0.49167669376750744,0.6169253475681433,0.33125715575615544,0.37603780211214044,0.49637522845842064,0.40284314866226545,0.8286290393692526,0.7054889848033241,0.5118679420392134,1.0,0.6510392891482191,0.40185682778912835,0.18851893187200375,0.5020420525053453,0.6619319392577676,0.505077254537543,0.7437435704688493,0.47605079059013633,0.5066924917131779,0.18440822335362128,0.14774227029147724,0.26678410376801764,0.34666135763359396,0.37528487926751986,0.7686403374408375,0.43440033050672966,0.6253972540556427,0.6527408287135419,0.40765425014078716,0.6162769697721373,0.6530285348453262,0.8061671061270754,0.44802208638281105,0.7796484001438131,0.3618001271411444,0.4415114254161203,0.2806810086326692,0.5061546488671453,0.4808859809891395,0.4407030304819415,0.17152847843496133,0.30302048894051126,0.8950745935181104,0.34232044888620905,0.22718603718278274,0.3383570320916576,0.4618983921862121,0.46284906115047164,0.7253749090860673,0.5227263138013356,0.3449370030709975,0.10272288973622601,1.0,0.8667440879565884,0.37875192587043216,0.44004733636083415,0.21527865744661767,0.1852418241033753,1.0,0.5638406062275294,0.30100467169912104,0.6251910180958031,0.08223208786113112,0.41992229862057684,0.8080210112480533,0.8153153940400895,0.32218862071772847,0.5566148045756982,0.6054292691287699,0.36379243707355613,0.4613994075937775,0.5635215605113029,0.40296819658659544,0.27813095440488667,0.7242765066445216,0.8767399095198094,0.26452733206866874,0.5117336121296265,0.929322381830513,0.6972589712481181,0.8583856888341237,0.7644873706371698,0.8158128245122889,1.0,0.18367795903671347,0.4295615171713809,0.26758546203076605,0.8402578249184423,0.9045886270203916,0.43868042916122185,1.0,0.15649714094482636,0.7819585508794233,0.7298866782638527,0.5140208474564076,0.2565620561511732,0.5419165938042241,0.9998379013030849,0.32965812849830023,0.9509907013216612,0.6952344683721794,0.7370363373922615,1.0,0.10043208897762312,0.46839815746982794,0.27189005870582506,0.5352151394188152,0.7402167697629318,0.43832718929044034,0.574685334018243,1.0,0.654394496704402,0.44168154853553077,0.4708018249472268,0.4213606982624789,0.7243181097802545,0.3309822755559839,0.4501074952983437,0.6632757491136569,0.6169979557407395,0.7422621209551981,0.43957062776864797,0.0,0.6200639607023142,0.3885454274070277,0.7155993147937387,0.7234558626696934,0.4048875540431247,0.4057692721696853,0.6285954536464615,0.501910731306431,0.6361064420968638,0.011351815392629305,0.702344916058756,0.5065554894969724,0.9167035002574195,0.5343912529581161,0.20570450866771672,0.9650467009950585,0.7590340931471715,0.77612858031193,0.9525707933587526,0.7316434299859687,0.6747294279501483,0.33815980611717755,0.346194508865473,0.5335223545564673,0.24443286952697507,0.4592027006178139,0.9357105734488771,0.14521929395634903,0.7405796425126034,0.060711137171677976,0.4485952370878237,0.392583390444627,0.5690683946286708,0.2744440018975869,0.5918085087849665,0.6462515681671537,0.08821773065572813,0.5298541012808107,0.8475301461442699,0.7831042522617864,0.0,0.32246891988928894,0.5006397848431483
C3N-00516,0.5280381710258784,0.31310351657041124,0.651456387378591,0.5431449440938607,0.6722507042166406,0.40496493450999616,0.5527480147211783,0.6466646429673286,0.6007017048445427,0.4356723862018477,0.3979908064225217,0.2668664706214452,0.011653190191330154,0.5469259237507931,0.09226258212506977,0.07761389225932902,0.8083720294948957,0.5924704130461684,0.36268723295382266,0.5425769538957663,0.43080234513670135,0.6322692074575622,0.43025936010711874,0.6969018165784213,0.6261270129631455,0.4940084048534601,0.4693585007374601,0.49990701470994026,0.5254044361113035,0.5006836569906259,0.23837000217818627,0.5128565051414826,0.5086984786791184,0.31179478220121126,0.3806534641621049,0.19142305861977782,0.4624673714810825,0.2865749804635467,0.5917216240215977,0.5576728311705619,0.28446264609819494,0.6961800999689238,0.08503608822925557,0.16693576400424082,0.5128949101853664,0.27282794152991663,0.5592341745245797,0.3526779044352306,0.7225291058898584,0.05771910173229422,0.3896323123023677,0.7230733844449073,0.3188266579130161,0.4077078108020942,0.19181852427787227,0.28385703568619824,0.47371886753036563,0.5855712820228249,0.9364590802514421,0.3725789154479351,0.5478579999899811,0.6956411952480615,0.0640021845322174,0.35790369305348335,0.8767965115324401,0.2644854051947174,0.8159410633169717,0.48100389868781157,0.20094955112923074,0.5070476036918627,0.3999069533967248,0.2682471562189903,0.5787936739359587,0.41303618742874537,0.588142384955848,0.593506451561959,0.49558882952291583,0.5417129568861059,0.6342152498473084,0.6282987520739951,0.36778676946630995,0.7793298889622093,0.6251672876729781,0.38910285877404505,0.7808545420969537,0.11978335762997716,0.6397099177940042,0.517224741290125,0.5311674157772277,0.1817551070638146,0.7876196973619471,0.29979978312237776,0.5945288352858906,0.9559208569700335,0.3370634090617308,0.8375481621029266,0.3073081276995637,0.5008263790842982,0.3680958946916917,0.6830477219555249,0.6257878455245294,0.5195299631196422,0.46438403659578054,0.6416969342321188,0.7608210765527534,0.34367409700407947,0.32988358737567935,0.40098473431393344,0.44902680674105433,0.2924429780368527,0.6489376119407773,0.5046238278489845,0.390293330916462,0.35501197341497104,0.3344221421592799,0.6461738383050726,0.7374782688512109,0.3465768511521752,0.8394011001373203,0.5095540337714404,0.458392129009626,1.0,0.18879882172332962,0.46515366083747267,0.5477001852359251,0.8770679621633697,0.530026287055005,0.5634188639422906,0.5809223568921151,0.4406248328364377,0.5395085556208592,0.10035822832728991,0.47026770608988855,0.3326309774894032,0.38042214206677016,0.25502372775952775,0.2814782682560715,0.3018762127311403,0.6218463974609811,0.5825554615285924,0.22403584783094388,0.6446488990480272,0.4973956438681961,0.5852878924953622,1.0,0.6492704409192527,0.42033393630052096,0.44914593902202427,0.809962275237698,0.5137077157171399,0.48117134769282544,0.6708618206139754,0.41977750174789463,0.5029126946588196,0.7695326776307141,0.33206943887400264,0.6237942042737679,0.6596191511061011,0.8804471042098783,0.3051884581730704,0.6572045390260861,0.7983737282457248,0.8902513102634835,0.7546626945808601,0.7309111232828123,0.2722220646205322,0.4060230854247564,0.4899549834085484,0.4125579651756386,0.6855370351841703,0.24763511877969435,0.8750233658922699,0.535122989180056,0.4632887246507167,0.5708061154327488,0.6396063073496165,0.8220182905796705,0.7849240672110858,0.643549878942391,0.6858853490338195,0.6945117267509602,0.3220376190977916,0.4563492646919869,0.6302516894478671,0.8749742766932549,0.15035164660188371,0.6742318081255121,0.3590518700667378,0.3408931093519598,0.7931288280581583,0.47072414945645136,0.5426485771235399,0.5027920577507956,0.5248829512337743,0.3376426864426847,0.7358690403808588,0.4053758589079681,0.8548223946019711,0.07975145507169801,0.2832667598429346,0.43804420773536457,0.6505169220373661,0.13964815487883442,0.24515994302917576,0.3294487484149493,0.45049483485269093,1.0,0.23854616309765042,0.42176642195005964,0.7550624747108348,0.8695041062557358,0.5196348083476323,0.5634444791858053,0.7060272385916484,0.2944438764959614,0.170926578036239,0.3478861679325824
C3N-03853,0.5002112835900459,0.6185269984551489,0.49445501362110633,0.320892768324498,0.5817964181805291,0.349535950805147,0.5363287894689712,0.5772210414303967,0.5946368347067867,0.6464700608496088,0.7399615198261582,0.5627253362343039,0.2946559151292689,0.5086819075320577,0.554586829075614,0.3222271821927407,0.5213499506004471,0.3322999790192185,0.6047062720169745,0.4358169237284404,0.39442623381833286,0.4978719762225001,0.700842872462422,0.6730070938719592,0.7901567775368079,0.5653386053030349,0.45557614659451673,0.5879949292401037,0.6778899926532507,0.5932530099858404,0.5042823743071807,0.6678515388624762,0.736620826736976,0.1063123852018002,0.7409828059295638,0.6105670369537313,0.37701561904760084,0.5111126647127744,0.6116706681412305,0.7994061595678019,0.8020652759231588,0.6839621887789278,0.651199467910685,0.25855061464171003,0.2680955358488859,0.49859199081999783,0.378527013591512,0.2985657508882298,0.03274561806535203,0.31518768980303413,0.3726220390380188,0.7467300825079732,0.3676606713693147,0.35958245292067303,0.06626899994073554,0.497668390887557,0.7295891413727134,0.3333925367244954,0.7075852813121148,0.3615145903814092,0.4602837491902001,0.6151464636132218,0.04667176871852696,0.1741564487651388,0.6557916742045968,0.29771838080229607,0.27241822016169337,0.030622257605301684,0.48492889781079285,0.5540761850039218,0.5826280648767472,0.49038959886143196,0.3463622937403432,0.22249407461218507,0.0,0.6218360164173102,0.5637543676292758,0.4794208336135677,0.49925628310377057,0.5264061194295984,0.24270090798012944,0.7082967687298343,0.8712216202495124,0.3726331228654365,0.7138361542684493,0.5651111098209824,0.2589795325348181,0.3045388661637567,0.41434886192060283,0.22502574336114378,0.3972987952976226,0.3317309381457658,0.6454530365494939,0.5153068371573948,0.38871147837556386,0.734699629722595,0.45993584063607074,0.47521832899229466,0.41741625583297015,0.5709991232599521,0.5641894549408075,0.5317158261856934,0.7018660512300441,0.2865610888319594,0.7489734804640973,0.39626998174808037,0.6012238646854939,0.14251095335049158,0.4288230791225178,0.608443655552005,0.2179125025404538,0.47163390070628974,0.5110103519021223,0.2439931696195643,0.6552007431974083,0.30735506073681584,0.6307033391294663,0.17290645752049016,0.6811958181376427,0.61304305928331,0.35313586816708487,0.3732642034379765,0.5255661157678109,0.5080862828332826,0.5640566360117738,0.36341198504574024,0.8157841336416265,0.30608183944860645,0.5569227392440279,0.7138335806368836,0.32915700368828027,0.5131435449082113,0.6054889312612595,0.2619188424770096,0.4354447387102951,0.26047334543504963,0.8622690300455353,0.48835201172828047,0.281312805709657,0.7875179502164258,0.3470203865795636,0.23260964228358816,0.491457982644639,0.6236132624890764,0.7713767459602039,0.28655482114645636,0.17417134215828511,0.5054433076752733,0.9361646568994537,0.7237104654221298,0.6679843933450655,0.5470114468400418,0.6135025228865452,0.5627567588595479,0.14518178184906105,0.3205583592058101,0.7552865803192574,0.7854453398685006,0.7326974611438599,0.37738623200894494,0.6750998925897882,0.5520135154213541,0.521852458568425,0.5736466379403051,0.7158843789463578,0.28382557354751725,0.5809755346334633,0.487272014162194,0.4164804125138346,0.7376869804525423,0.004817722578287942,0.6083055738913306,0.545717538375285,0.683248975937552,0.43657292954504356,0.16997089126059173,0.834512847892217,0.7847912011448761,0.3832809820487668,0.5611753982393353,0.4336857749612619,0.4625126766043266,0.3371757457206357,0.7631171187922376,0.840271993554218,0.2755820070708248,0.5997834810516061,0.5244895439609767,0.44040749220363296,0.6585094919939838,0.3402363678702649,0.6027775491836564,0.8193792444741312,0.08089079599724691,0.43659670059766764,0.3949823702222339,0.38997130485852693,0.7178808796354872,0.4498428837857449,0.6209538931714995,0.6776610264593641,0.6599343113642622,0.6471642945632397,0.40608433625852136,0.5844116413591931,0.45801326485130556,0.6565181307070906,0.4488970816700526,0.2878609671270045,0.8228500671727783,0.4096851080812165,0.6916770750729677,0.4748082364621409,0.8243092272043455,0.48706990045514686,0.4083486274392989,0.39122636285695833
C3L-01971,0.5567814417990053,0.49885378243891765,0.5731364791540585,0.2157165192247259,0.4454858504798942,0.6593007909188975,0.691978815652277,0.4292723777034606,0.21695604761097798,0.28988493925276515,0.6136035587167719,0.3524498102076903,0.3352986302035692,0.5722035769035401,0.8381533110133113,0.49467100506394246,0.7046073481727184,0.46397932904790196,0.49389069127403395,0.5681693885450265,0.39855828687893435,0.6029512982776692,0.696929467020512,0.5775748456233458,0.36128622176701697,0.28378990746499255,0.6039308004025727,0.35965145744538773,0.6085515332140368,0.5639531940618632,0.6332867885526596,0.3608355616701546,0.6501794590765027,0.5404253924958446,0.44408965531575184,0.6170141443488948,0.4956734658236819,0.5563190485567553,0.5994336729271144,0.8532670181595101,0.44403955202725953,0.8281782653909957,0.5251953149295492,0.42092190643499405,0.20366723912035667,0.3787644818820013,0.20189338032070836,0.1417525166239333,0.32331431590387183,0.2548071074249485,0.4342690460482892,0.558378993884503,0.4664520113907784,0.5973834024483118,0.30006018944787094,0.5937348988163746,0.8350424021409033,0.6491256824963485,0.46066021630151077,0.544559608615641,0.48092877133954737,0.6894005073433043,0.48595546901986,0.4146062043415206,0.17620762578166094,0.7579915897854956,0.49836539515389155,0.6195104853248292,0.5297320115317046,0.5691570858842638,0.6187213402659815,0.692780592475172,0.11621906077651012,0.33837573443279956,0.3268694518878199,0.4648888670149045,0.6360387321872523,0.9305470835493148,0.2712666493615359,0.7326372808473529,0.6930380550015407,0.3764873926446164,0.5548021475128682,0.41658398178646294,0.7552825771410987,0.5218775609404709,0.7283805664386644,0.5412074353623169,0.5881193023882876,0.4145141675082833,0.8498252426404918,0.7376869251027092,0.8049750411580199,0.6771244929977005,0.2920747634012937,0.0,0.4931031471498244,0.48894941695016314,0.47829413200341975,0.6072798479559083,0.565089933285762,0.7786322233823224,0.6506018322847984,0.5179768350651806,0.7174129339702304,0.5235272229410661,0.716907874802466,0.277489856418601,0.6244368639538465,0.47656304196770094,0.42625593000936846,0.5506819642156602,0.24304703622308388,0.34204144915628376,0.7386954124702712,0.24251039100010097,0.3644653625328438,0.256071692802756,0.6126478637392188,0.36785814866424005,0.4634561363151839,0.528958622156324,0.44460592117001774,0.2635741147819246,0.7241638832759527,0.22297828523417706,0.8035292263870648,0.4446107717832257,0.5395144641385627,0.6379575149883472,0.5493942239879637,0.3817155399708696,0.6192557241913228,0.438627276806697,0.23757489158516165,0.32258290121624267,0.5811661186321544,0.3658727432794029,0.6601283735173737,0.4453435088424591,0.5309416954368498,0.41713048520393947,0.4529530018690533,0.5366310921436046,0.6926482108696312,0.3706141695987082,0.9153311913386819,0.7258120291843007,0.7659671602829619,0.6948206511846085,0.8547781376731436,0.7758893257303026,0.4085418893018691,0.3133047780705791,0.4086216729480334,0.2584048491195823,0.4949955862788933,0.3488848104047255,0.7135325685306624,0.4649182076002951,0.8289043411919224,0.3293816516695287,0.6705271596427202,0.5743201310175241,0.5029357951100097,0.41158581957277107,0.37531328812139364,0.6533350723616405,0.601154939801674,0.6817335144236214,0.20770741068056964,0.6290034678446954,0.5525773020859561,0.3934507169860453,0.3739892908557536,0.41439407905234127,0.8012708605909253,1.0,0.7689867858942918,0.863383201625318,0.7643397474061722,0.2154761308087938,0.21169255303128054,0.17164842696676175,0.5564294002411643,0.3786132377231084,0.6974172392606093,0.5055801821892292,0.5835908319561085,0.32125874346693095,0.3996109913549404,0.2783618940299686,0.7839802381866576,0.8047697715803768,0.4132719836452603,0.6424999814078252,0.6040885147022905,0.7719572733990514,0.3299086693893183,0.7036746093153567,0.2867799565872575,0.3138317462689626,0.5083305091097721,0.39737187216636904,0.2571802148110187,0.36039442579314773,0.5578748723904576,0.3977544753220883,0.383316358514616,0.786038937456274,0.5202100756476256,0.8021643036089774,0.5540209690293318,0.4239063173098181,0.38036842171219476,0.3859660991900764,0.4129084779440113
C3L-04848,0.5624917420133642,0.5034643097983214,0.4975386675798745,0.35026109343179535,0.5076077231936935,0.42292696566035737,0.6515573654256421,0.759164904292545,0.49014874432571887,0.5068732505103419,0.46809594132402665,0.520420198596752,0.06717165977642026,0.4237395038832794,0.39230198514267656,0.36425065559832603,0.759433952535888,0.29589764298405186,0.3445757319073355,0.3227581396187773,0.6673603395858798,0.20289941223081787,0.6829591065054297,0.44748069672879964,0.5281927251618583,0.4024827574223746,0.4807271522823626,0.8962052686080426,0.5904400607530498,0.5426888867715345,0.45587326617017965,0.6301899970224234,0.5690756627956777,0.2953771150233493,0.31319451647092045,0.36033765154368247,0.1729934294484643,0.1363667427385078,0.26124704165290424,0.6340661249873865,0.570004941799219,0.6785074722869258,0.2934769168296012,0.6303425593037457,0.43589173605230513,0.6154746325462526,0.6194822856790232,0.5177446405457182,0.22377548844424666,0.2025491378561739,0.4204479623680184,0.5139645329971572,0.17331368045014806,0.42311658696675636,0.08918137763806655,0.5176487035469561,0.7567484889637512,0.502523881236677,0.5890300284326973,0.32249148912318937,0.6385433876887241,0.18479034136510109,0.32750241828226834,0.6361744863252952,0.33609780425442537,0.47787572275242063,0.5056077648386061,0.4732497803722495,0.527201767542806,0.7285673769864189,0.4873502850681568,0.8334055053950689,0.40663967855859084,0.3932498079588589,0.28900361214893344,0.5671498508882333,0.5654871206451411,1.0000000000000009,0.5264605621484204,0.6662595159968205,0.6108491080869083,0.6657109472106235,0.7109413652888819,0.33532354647115437,0.7175789878674408,0.6791367413812708,0.6142949451850495,0.6156313981488495,0.34848695378963157,0.10551752890066979,0.511269705625395,0.2562751218213162,0.6355627948890703,0.8523611347734121,0.37508509561889447,0.7444027246121898,0.39929311908726817,0.6135937012636461,0.2910358948607126,0.6943709263599978,0.09819611393448469,0.42479303942940305,0.5225352413507904,0.5192295374622322,0.8323044376446447,0.4124454247876628,0.5239717627068146,0.31753675580828045,0.6523883299333715,0.4778988700294562,0.08668481897630897,0.33533658005622957,0.2968141837159646,0.2877790849238444,0.66107910546169,0.1504123107173445,0.5595222027865496,0.30611893268774537,0.6636851554732424,0.7110758141672484,0.37419597016274686,0.7857473019408019,0.0,0.6601099908948029,0.4708472514745914,0.8013968203556203,0.850640983726759,0.4321380017999603,0.5590524356242845,0.44007991318320094,0.8539932266764083,0.37219424805817924,0.540432627733388,0.6866041602458628,0.47568613975591845,0.5055799903379095,0.5783595585977874,0.4034051398535947,0.6928911379946783,0.4916671531342729,0.45782066208774985,0.5402375697963935,0.4066567140098529,0.601458136831031,0.6616277062315596,0.28983546778297686,0.2168737092142763,0.44556304448805584,0.61501927100079,0.39808552612921666,0.5504596349657724,0.6378093717204862,0.5208110284008534,0.5547474247029527,0.5097645096868852,0.3930599675329063,0.7001732457323229,0.6758152844283813,0.6385579133733188,0.5674840110341748,0.5132879067337495,0.5652865829275058,0.33132574070491216,0.6721298334675776,0.7297950553878723,0.4590494846320823,0.5132703312575355,0.6459457927561036,0.5718797888515912,0.7678765009796091,0.15442864752524343,0.7336701976525202,0.6087326002210616,0.7484562227380955,0.4441557051512497,0.4125285753467871,0.6274915764121367,0.7351228811432033,0.43122129428460454,0.4857430438501513,0.645817925934864,0.37269024298025144,0.45138876283179385,0.9654760416598531,0.7071596323400833,0.4791353758734571,0.18719883507395707,0.5471761018092582,0.4454045934173312,0.7000144808289654,0.44175528146060117,0.08302336763800966,0.4492998706423137,0.6650696640566967,0.25705411826763225,0.49400965001201946,0.33460514075382264,0.6733765295383396,0.23775887206620228,0.46824498069177345,0.20117148896625991,0.53440307695341,0.2910129636589289,0.34137287836521857,0.3556430022200394,0.5424558959965502,0.789034449817553,0.4832123843611349,0.31806884391847134,0.7718140424596189,0.7002436854120724,0.6376316869312006,0.48288895858057934,0.8545654699785672,0.5775836980350455,0.2207918942151501,0.5134435217286892
C3N-01375,0.5480703326646754,0.8069475608636729,0.7503458133679111,0.5591549307437749,0.17752803851749022,0.35555603890624177,0.8000696429324279,0.2017685391340036,0.4689195565640638,0.5876023559335302,0.3377959235969037,0.4685429299024273,0.15366245363693842,0.351974782992178,0.5695296630078488,0.21397886242338515,0.8041242726360611,0.4427763956240831,0.41870517460086454,0.33220416082497195,0.4470091501276343,0.7488437962914425,0.5737003399779903,0.6397558674960067,0.5991312664168333,0.38660982487445494,0.44055164138086766,0.6081423503385466,0.525135175405536,0.38773723596789544,0.30836878575391324,0.2829949454361209,0.4285760625601043,0.5131502958897549,0.37793157742685946,0.5162628692319515,0.25788065822029793,0.6040467242703098,0.11792352303629539,0.5346965070491034,0.5469655091929475,0.734255005593841,0.4128534105303112,0.6172992915202156,0.5232108811577909,0.48047228688476373,0.5300228174099075,0.3607417104788002,0.5461519452044463,0.3206625378647061,0.4250159820286008,0.8734085968752439,0.4727746361975722,0.5791286373565647,0.2268889798201048,0.52567438194753,0.6984701501365063,0.3749306899355127,0.47423031267010707,0.4743769557560533,0.766207042733333,0.3394423314845767,0.36008613884409435,0.5697579050158303,0.4750536264989904,0.4595284422669135,0.5133580030724989,0.35073232665296317,0.2628124805830492,0.6428811415912961,0.3704740288224837,0.5368892327103421,0.5852353871548868,0.5080989932045155,0.43721411757068296,0.5459554427356021,0.9041957649382848,0.5518330575245569,0.3641790402317948,0.6569527043635475,0.3775560689911579,0.6009805558398646,0.4590271406027995,0.26541259863188493,0.42214302119999303,0.35263983692389544,0.6159994029313918,0.7697355922510951,0.23021261970060003,0.19721825545220284,0.7704975116281432,0.5139410145841978,0.6693363822935456,0.684632088379642,0.4597650348960549,0.4834758632749434,0.34695115084280914,0.7320196737511449,0.2848661776202528,0.6817102628000367,0.4188781271233175,0.30699294330795013,0.43088603586407714,0.652872170080018,0.7467137564659305,0.5054685445924854,0.5373084331378806,0.43819978167966056,0.8426298850787752,0.486779967115023,0.23844093164234437,0.5426566945008364,0.3233042945514679,0.37933316353039004,0.5626562374516606,0.3149727564322049,0.47078023139403413,0.36477078523395434,0.7734640342344932,0.4899895646993784,0.32007606010937373,0.6700145321639361,0.08150926863563335,0.6811334810512744,0.5408535791438602,0.5675629445920869,0.5515822088250708,0.436211845882605,0.6915382312717213,0.6824407497078013,0.42625598136246623,0.6275839904249696,0.32133872078729553,0.4267785576881762,0.6585921230906031,0.27069925987809906,0.3116721923353758,0.4712414377490255,0.758714587734751,0.49682338331605536,0.3886467206517157,0.6631214201958189,0.2839415449634748,0.7466141914366915,0.6490863120336101,0.5740681682305091,0.6842584508133562,0.3674069341108819,0.7682555889832514,0.34098040873281654,0.729639222006579,0.5351162136902392,0.3022970615631415,0.4940386950523461,0.5874012598637322,0.41004934797690495,0.5432999055377259,0.6755930956876028,0.6791229682265971,0.6373629931093667,0.6519019123555037,0.6117610940810216,0.5220420746410852,0.5633126051387851,0.7110305446012442,0.39424573596577517,0.5234112256532271,0.5288331835824458,0.3512997862677114,0.6116087166677069,0.20623404735436068,0.6208943059473224,0.4971109154162643,0.5780233877607195,0.30274301929840064,0.005374457921315745,0.7749442977365675,0.7667661989227854,0.6019412197770926,0.6383740826570943,0.3929344116757747,0.1648323007413932,0.8671536640197814,0.5663735084881569,0.8853216581940906,0.2074160757864849,0.448218682060638,0.709189937315422,0.33354372984947744,0.7188023355535158,0.7898149101124368,0.4650952810235278,0.6643282285466761,0.4437416605444078,0.3722757191507098,0.6484733322424194,0.6734861230599059,0.44780301286303015,0.5369082300681209,0.3775973333855607,0.5203089244475736,0.48244944080820407,0.35601173252084095,0.24622889602004427,0.33541663425505197,0.5772879298995219,0.7642701753407151,0.1924765970066442,0.27632115222433296,0.7834498597447439,0.6520196394104545,0.5800587210516417,0.10514237605514776,0.9456751135155912,0.673387281624823,0.26296519668951923,0.3911101628100404
C3L-01637,0.6091961464116071,0.4662078238188947,0.8589554311124488,0.5834269754796075,0.23217795781902595,0.48476271453481345,0.542005586452877,0.6164558660829034,0.17846943669338344,0.349783608793075,0.4504546056851204,0.4156187773903097,0.37804171611868753,0.5318938564231459,0.773996329254917,0.6613608708671492,0.8711716831693153,0.3987624005871595,0.36279995025616607,0.8122075441516916,0.8027787440252929,0.5484576478577221,0.7160480586235769,0.48798036582596893,0.2356456670257998,0.36853104726904284,0.3524687630203438,0.13835490984379462,0.7098162560792467,0.6609605719541705,1.0,0.6295653984150116,0.6424685023975627,0.8289606678625638,0.5667539089245368,0.383156103682853,0.22937658374297953,0.6685190479792809,0.47052350388949904,0.6596113003495674,0.5283317107198329,0.7037401233431577,0.38444001638736713,0.771682170552261,0.34623252812550476,0.5179789602202831,0.4234185490511173,0.49044914215743063,0.6615644920723369,0.1310700353372951,0.5418907121735446,0.5838009384634582,0.5972493428342638,0.684131387450396,0.4607672786256849,0.3537763423528313,0.8178959440984066,0.49110961752578186,0.18098159278786952,0.5900567334632054,0.8376467302114978,0.6864132925555531,0.46356094719008034,0.5334019761884505,0.5297512510363767,0.8026668530545766,0.5084000780707569,0.35879551205429117,0.9999999999999982,0.3731400523188064,0.831935703055521,0.46256485296187044,0.1825758519141516,0.2326833870325169,0.5059000381941559,0.6902678666160789,0.38874206922032783,0.9551847068912833,0.35581641104688977,0.8721830978571248,0.44880190274377796,0.2831003718803373,0.771408566189022,0.0,0.6500713257771693,0.403100784920273,0.6522244187062629,0.5763514366206088,0.0,0.39138342223152733,0.6226236252862307,0.43702000185466616,0.6417244999414553,0.8797768993273127,0.6379068437761504,0.3852941963123193,0.0,0.6963771602693889,0.5800486760020673,0.6976608162205569,0.9112146684827547,0.708822888180868,0.5806043489317663,0.2889572988671567,0.8165304330123684,0.4670511105934878,0.8610277174582457,0.23466350786067025,0.4027529875474585,0.17035271436046884,0.4160619583927243,0.21749897490681125,0.5373620726875359,0.46862535303508146,0.579540154485203,0.33330276411125404,0.17861386183930428,0.38436904396553473,0.32283716632436743,0.6574144351343278,0.7075014162177347,0.7103640599188594,0.3204494429959617,0.517026629551868,0.41638871167071656,0.4017939463046787,0.0,0.37964919446413603,0.6079855118616031,0.6474842142735326,0.20706803709387245,0.304345909323136,0.7812344378648248,0.5234085070730377,0.5549869723348628,0.4524262610032208,0.6311365569634777,0.2833353330355859,0.4087644012036016,0.49739613126791227,0.7346976106982588,0.45518240668304966,0.7212248999392843,0.22434916082886858,0.8831789669569297,0.6573759301843065,0.3757531774677414,0.7050995605067776,0.6131300779868951,0.5722536583964892,0.6108931303101777,0.9630716564931383,0.6994137596729395,0.8189433088228366,0.5808860012744468,0.26787523664901336,0.30706213597434484,0.32393261446935373,0.6291979194606263,0.4657425773265089,0.7555801160419016,0.39794473969032396,0.48468875528842403,0.8153303388782582,0.5072326046895412,0.4435287178197811,0.5799843793829123,0.8619950518928654,0.8091673620801707,0.8215436264204214,0.5727664367503671,0.5456332095531646,0.8574981963110262,0.4562680786733928,0.695379566135216,0.2726189016456644,0.5312008002133908,0.7485859986315369,0.4070936940625174,0.6766219963835347,0.9789023908804744,0.4565727706999283,0.0,0.27303304281126195,0.5391501208567568,0.3820327834062409,0.6369478580295578,0.24946594439725622,0.6468719877395568,0.49732589927836024,0.7782377429468532,0.2280401628945814,0.24123720920698943,0.7212456057081535,0.6429209431147678,0.403516845437526,0.42256505592306937,0.7295186748708407,0.27154256041938973,0.5325426083215135,0.41891768070109503,0.5243046803042706,0.3230930876575222,0.476865936266865,0.45354833488505664,0.4522117508340662,0.665834438102693,0.730133614934493,0.637079348286786,0.7935545160391531,0.3234881487680106,0.014945816552544677,0.4087485411873786,0.8628027947709391,0.37004427772439286,0.46723275508011675,0.3296109865614518
C3N-02768,0.5106376027572441,0.9919987087889695,0.6262907939285682,0.8286426221348897,0.5489829807330313,0.25530416230002295,0.6027555214182527,0.45101566984722297,0.5449736532829768,0.4923562939839208,0.5580697786993376,0.4881541511918517,0.3873470851972467,0.4775011896391579,0.9178938414324875,0.48133921589729667,0.8150930259561946,0.4636428403437449,0.48449861917503334,0.6849075194730645,0.40148337155951097,0.5696615791442303,0.9487285407522164,0.871922339636857,0.6163851940847849,0.3570758667638163,0.5115354993545438,0.40958124602330415,0.59942451632722,0.6904391693040584,0.8753696341986767,0.3841644286464385,0.5445746459653176,0.24801887739238282,0.35392214704047387,0.46580939337645955,0.33944577838552803,0.693848678151209,0.6899925550198294,0.633225314056979,0.6522097273142045,0.7898126420761358,0.6402019376690271,0.4370121151695745,0.33207233275813763,0.3658662406882218,0.6748044250062506,0.3594610846752708,0.6400315527887024,0.12488452136101458,0.4489092209659207,0.7172072438753432,0.3024113672416977,0.4607687513094305,0.28758360524834714,0.3549423172831405,0.6013979786009482,0.5083170620177175,0.6176571400216346,0.544584185211729,0.5360326135735658,0.6392024400899707,0.5254741166227497,0.1423607172366239,0.5139483590798726,0.594689484273287,0.5048373101536665,0.3951792035790316,0.29937663345658017,0.7596427088700679,0.6901211740600832,0.3522449330809785,0.2819925163415302,0.34324297203538334,0.5014866051685072,0.6456386308477917,0.6831685903931106,0.6723736157739895,0.6252838551119133,0.8178897176064162,0.5567925127285918,0.4919266395248876,0.7373412859798805,0.618018337942452,0.733058794978799,0.6339992283798033,0.8178251105074583,0.4871200134501912,0.3531608198980063,0.5205794864711066,0.5613581022944203,0.32369818112487003,0.5525110286261103,0.5358011614453808,0.3792772860750233,0.6224324041245914,0.232488486855992,0.686047089441109,0.31569441089979833,0.5703102467302354,0.5270660838977221,0.7436047123637115,0.6846218197198555,0.6568141175609981,0.7085077276797938,0.39645398155551703,0.3921496573866037,0.44106392688759755,0.380138486064002,0.6819646204654646,0.5195717741627419,0.46258288203928544,0.5280358701360548,0.4861531750667165,0.4587044304457937,0.6039203772212236,0.43377772510844004,0.3888249334317351,0.6166475824689588,0.5254864419396661,0.2897498675035042,0.37570494989747516,0.6937039213235785,0.3834272897319835,0.5584438305865262,0.2066930157869571,1.0,0.46580252628115293,0.47227324332182796,0.9330377783510322,0.36936313699459333,0.6787426089788786,0.431473530858959,0.863422346845315,0.48420828645814495,0.14093395534277775,0.5934862912864993,0.41566164204756717,0.6255366482186773,0.8654729566261352,0.5164316618929128,0.5061193844731777,0.47284602933762976,0.5986677141259911,0.7144636322272895,0.5604350692556803,0.440510631657153,0.5135229533977697,0.8146050820663433,0.5561336260437404,0.6862149267994226,0.6227929810547526,0.4586866555795588,0.6943573737779634,0.5225545465494434,0.16536127275881363,0.7649887220930296,0.4397233279299231,0.2921909000558891,0.35538109197064927,0.7507955171934491,0.6384922699003752,0.6941955224378127,0.2955855714747049,0.6976992372340565,0.6373483704054372,0.5786163817985024,0.47986537856448486,0.4188446178142833,0.8160969692485747,0.298785233426198,0.5680894968719894,0.7103692255408283,0.6038318355242893,0.9177725231238405,0.3991713599262017,0.7001460170226004,0.7238540486111464,0.7283250177889684,0.6459906995237006,0.6098925763112,0.2385591243305072,0.32152785714369614,0.4549094391254709,0.8720028155870772,0.3535588727003338,0.400773629141959,0.5229493991501037,0.5051580075353961,0.7553642545936086,0.316511682188235,0.3414849882305955,1.0,0.8384947776748959,0.5425600017184324,0.392352409004987,0.4138381267609397,0.6815821979200756,0.2910050984884056,0.4225512478154947,0.3641904361671129,0.3895086753719612,0.7839935257632682,0.6887749169910773,0.6339834187664315,0.5037581577633521,0.535893768863537,0.4723029775969412,0.38557120338043305,0.8476518991132824,0.6347401533875114,0.49902299980839526,0.4671881240393043,0.6518566799048635,0.3764402675869043,0.5825142816889901,0.4150926645305226
C3N-03173,0.4866635989907806,0.6449438470137814,0.11455555925427419,0.29473112327626794,0.5363169810023543,0.5114983810468292,0.6438575547426062,0.6020131222481968,0.6679353066771299,0.7553504722850235,0.7804611302427862,0.4949684114915982,0.1636340079568317,0.5433624618468169,0.3788150905512708,0.420916186976406,0.7821596079478166,0.5494501330780075,0.6448152799760063,0.47683527247575164,0.21632682216188215,1.0,0.8167212750279553,0.6784463259403601,0.5155189327677263,0.8189072037917278,0.3164054179623861,0.9144410742753344,0.4622014416128337,0.7177129943501583,0.31553117754103255,0.7296673933849336,0.7607608811679114,0.15060815642008052,0.7876309808757984,0.4527902448451746,0.37529760297968195,0.34826477980987924,0.5077953713436161,0.6451844494133674,0.3125272398635808,0.0,0.7814058954912579,0.47314207429361144,0.34650737710913404,0.43633513055476847,0.38783962313496545,0.3772771193104383,0.4991536305644715,0.3272117324902659,0.0,0.6329514635325957,0.4700077597971877,0.1465015320498928,0.19123404477913475,0.5150831643819256,0.30502394037416103,0.25873783240668624,0.778890996801282,0.41535254971051394,0.5232185708449073,0.25224729898243226,0.35976962498712695,0.3975944112651746,0.4439744191292334,0.6230157940924919,0.36297325446096096,0.38327311120942475,0.5615737850731861,0.7347513020794914,0.6730311386042942,0.7603642889792148,0.4038872487432901,0.237732720879412,0.029213291277276454,0.5016463428733857,0.5191800980459789,0.4036769724034679,0.5096856413485273,0.3590235050721766,0.2327949385067445,0.5609046373653648,0.7168927722128888,0.14633158256645729,0.745834823169897,0.7125103264116142,0.4300209489996014,0.17504794247184563,0.4407663380280695,0.5079488148271274,0.08665360416857482,0.7127272790354073,0.5961135063739054,0.45280612145083765,0.28801000472326166,0.6068425116844054,0.6419503904477573,0.6398180200123349,0.3458880283842314,0.7400656484113721,0.2910269420239828,0.6749901374565539,0.7034868510982486,0.6374570440461635,0.7381812976976008,0.16127262704256395,0.4040807193266751,0.1740238970661636,0.19598048739509188,0.5071028331716363,0.29318544482072184,0.35687270916168146,0.288216266176093,0.3089477605206188,0.6339327378222794,0.17222161290687943,0.44198508792779734,0.23693124418591793,0.5196557912591224,0.597433777843051,0.27975699860771286,0.4067776535695202,0.3518747507002651,0.3940024824978696,0.35148405837678,0.34592925247554973,0.5286153340006372,0.48656487084830946,0.6922875536750919,0.577617827013718,0.39538960227072906,0.29211967619916335,0.5480929485045358,0.33520916987863814,0.32563702697054353,0.620335048431401,0.44909803053991304,0.4358543383291673,0.005746488992429022,0.619788479218542,0.6010269586348969,0.23752868886905176,0.3719443564777025,0.6659992288700209,0.5379010568472005,0.3180662355178807,0.343830707219956,0.13226497899653644,0.7851062793476551,0.8374049065229938,0.7500711455786231,0.6836484912871441,0.8328046561456794,0.40933313117669634,0.20155475569293202,0.3266556471271045,0.608538538921124,0.7299584383447435,0.8421811357343332,0.7630219165361289,0.5049265643995682,0.6545403385591761,0.5419527701496705,0.697426976335672,0.7821285935887969,0.4579121302128861,0.7403066140471353,0.6712290199710704,0.5420464151223978,0.692084208869618,0.10123616941366365,0.6464329975484322,0.8064980634779579,0.7185466031521663,0.21975057578605117,0.28195346475631133,0.7393601049312863,0.7372430520691129,0.3235670076466448,0.21453300567105416,0.29061978056967774,0.3273351800231108,0.42995460812362296,0.7638625736647686,0.7441003059836682,0.2884035291271134,0.3623107682878306,0.4656795210303617,0.28554807627168977,0.6330954773608788,0.5814944481971089,0.4836724126331049,0.7384192129831142,0.6637719003729678,0.2323434802578488,0.34409773536488863,0.2680442209798777,0.6959904547846847,0.23949844628795924,0.7540556988829774,0.5617583982275871,0.5550312954947785,0.466089525779239,0.573925029599323,0.6218365634361587,0.6595990508465919,0.7519851020534309,0.7621122734678689,0.0,0.9139413835379511,0.5097175077362408,0.6182338452093594,0.6519834848526003,0.7238839024911066,0.4785531426811964,0.4188585677092451,0.3382894592549377
C3L-02610,0.6646368103416389,0.4154952652756485,0.5830462322014647,0.5107058774576956,0.48932088546588126,0.3995476208000941,0.763828488685899,0.6137512564231145,0.503951690925998,0.4811018309518964,0.4039856286861827,0.4216354772110602,0.3134430558308221,0.4856932382191861,0.09245566769805791,0.5486974595956511,0.7296636580189091,0.38718717480665177,0.39744342335236205,1.0,0.31627307441126007,0.5143097100853353,0.8203041199008068,0.44737067524903296,0.8146776373730695,0.7817066372941994,0.6223920095876991,0.3864248102257122,0.6453551469332233,0.5262734188209368,0.19076131087332016,0.4093807871946673,0.6938558072834677,0.6042126509895454,0.5223661790900485,0.5020670873530033,0.7186174772048872,0.17546789059356982,0.110404724067517,0.6913559667690645,0.8420444595626151,0.5807777111016268,0.6536588648453288,0.36637176238560754,0.7235822530092619,0.4656103273431871,0.47151851312159465,0.680379165913628,1.0,0.2564606866681505,0.4294836661406096,0.6239606356314749,0.4445346926881122,0.5645373972187997,0.8996724466721542,0.4254557742762186,0.7692614630189976,0.44835061225584694,0.6588555247715924,0.24692578314049207,0.6819756887397403,0.7544849308052441,0.21771627972646357,0.42406215600060193,0.5905830520817048,0.29683175568818854,0.3655597497549312,0.30705440937586204,0.9163610952750627,0.5892813430729369,0.38848611177379944,0.37920516174875374,0.004920286051515177,0.8858670692179706,0.19179592291617809,0.5974103054145612,0.6174243499642156,0.5233587895577161,0.5064911136457404,0.5597823548912402,0.18076608786902426,0.4773589822831674,0.7398037320296744,0.2167635551282343,0.5348474418850913,0.7877231773513955,0.6632479510984925,0.4759331121542125,0.28652262816473417,0.3829063458994888,0.7006970108819104,0.41851598331238193,0.5937087447355971,0.644783431562205,0.5773664784584227,0.6872617758294446,0.670040258885205,0.6580083196304738,0.4713590211185039,0.6801099855377242,0.6281308746372449,0.3673763400273815,0.15962657105048184,0.36040488497233625,0.7792698181753064,0.7719252280207307,0.34458550097490814,0.4758468972493546,0.4138038747654349,0.5516770108010327,0.949164613067861,0.15446795948233039,0.5707828259569645,0.206930973417224,0.5466261068948164,0.4272513806303948,0.5376018211395568,0.38080731755086106,0.7041055666173506,0.6272696320743911,0.3652859822048313,0.4081486243614201,0.039051877031015536,0.26432443763585667,0.5855162681545956,0.43914980222186983,0.8799307091923705,0.19437779847508452,0.5400748895754681,0.6150640417228601,0.23684689704751705,0.6326241487913462,0.9110066321940558,1.0,0.3576693764234058,0.08838401966061493,0.5229063592688199,0.4540224682165874,0.4599126397285538,0.7839763121945538,0.4468953446936865,0.6649326365597679,0.2793159950808928,0.8859175594145334,0.7176810166376342,0.3179825318913352,0.16233290865642758,0.5680251036453132,0.8341709320685418,0.7536078521065734,0.5125504686159381,0.5215472268442873,0.6939911124017044,0.5340076968142373,0.49181293701893125,0.5446169102876031,0.5099607695846515,0.5591413621378045,0.7508413779998966,0.28181843307058685,0.7291495256011427,0.5766592950559186,0.5158966976455162,0.563685956218384,0.6479983233967372,0.6574610813631772,0.6013405866847688,0.297536170350698,0.04957763713211172,0.6567093235353383,0.0,0.8016099593424233,0.5084928024153403,0.6206959288938521,0.8063529074393792,0.7008845224823759,0.6782132480780412,0.7450080807610941,0.5319326489527718,0.5046027693516155,0.3355381820057417,0.6058897979540774,0.6101268255068035,0.6999817994572037,0.6891282359778259,1.0,0.1986011377461665,0.2756980590665492,0.33681431793977445,0.7220260212001097,0.24362161056513898,0.6134336143942072,0.5948428440458855,0.06733465776474112,0.4772756853953526,0.38268083563252375,0.34490968972209934,0.4944913138894176,0.21524143794398354,0.5781155833182545,0.42819955344925553,0.6294500197428095,0.49495888887090445,0.4216174918008857,0.5640469272505864,0.579430113672645,0.6377106401614832,0.2714451338686388,0.25765743673509256,0.77124447880181,0.658280426014489,0.549877612697375,0.4252189152264956,0.8477032980108028,0.585694999397198,0.30588967556392,0.4043623889865806
C3N-03884,0.7332278014068017,0.8553184295263492,0.7652029548951447,0.3774189970047601,0.4797678220113113,0.20219225642151883,0.7282946433296829,0.7662712869304755,0.5687475408159521,0.33631419959160525,0.7838739273034765,0.37395516281449837,0.4330171292168732,0.6884103353756963,0.4066566586934677,0.2056809640767021,0.7091495471523075,0.23779111663743535,0.688708774578215,0.3481563614854952,0.5894069074079091,0.610470529300188,0.7095738074052944,0.8161303834827898,0.5959246349232323,0.2014430378110177,0.4545344450048461,0.6318653829891616,0.5526869087588135,0.4168618473515533,0.3106801567057289,0.5380730729206267,0.5658203014779808,0.6613242404862767,0.4758833119337993,0.923822070555663,0.28346041470000216,1.0,0.6566467884805087,0.5675050553095957,0.7545520255490032,0.7351179002223382,0.6584286354793263,0.4169852486475705,0.29740828259176766,0.4059551718597536,0.40957488689604915,0.3289462392715645,0.4900041193069029,0.2467463443838689,0.46739992751989945,0.5823429429000218,0.25479737247237644,0.3671445973504852,0.2192604544143677,0.5251772401043073,0.4642619717743397,0.6993730148006141,0.7045577870892004,0.2549749747570509,0.5528806606183441,0.4531136193891676,0.574567925115808,0.18170038290265467,0.3691742308130621,0.5836156363902454,0.19784718813991553,0.3081240117764956,0.15842196682250886,0.9832701900312166,0.48405026285991504,0.4758189414647749,0.43805854987398263,0.9482526920936487,0.7276372609978115,0.6609705177834364,0.6732802284217971,0.6576802719251953,0.549097448289741,0.8128449160227902,0.4550586275578574,0.6324907151050105,0.8530799225610579,0.4847889905244047,0.6494253044709879,0.6414234857848768,0.37845812904246046,0.4813539557797206,0.5911345330890416,0.413184811401198,0.09529183645859973,0.5234036239760176,0.4870861472464636,0.7031757827265199,0.3600346497187026,0.49374710261584553,0.5595660408133902,0.3678834965430813,0.49808289993810995,0.7032653139105527,0.5764764948441279,0.7608540336304861,0.6116083593051336,0.6224891162879693,0.8187746550679851,0.7566989784373099,0.4287661407539325,0.434093183438101,0.40805171657071604,0.6714108557267302,0.47325616134009607,0.5696057911035837,0.7781222229918967,0.10018377950184032,0.5308405307020436,0.519871072431874,0.5102315524514918,0.49295553044207097,0.316180213223058,0.31201591578678034,0.3872232017100785,0.5113663007620985,0.3021529886564398,0.9280840439329126,0.512573682269867,0.5719969618532765,0.9030777598913993,0.31833471775122746,0.6108669142451841,0.6800437431241413,0.45255700528973364,0.8734858512975143,0.8332576747196789,0.6340952890148053,0.07517550060923028,0.3787987728175066,0.929672110539359,0.1451584970283859,0.6748106781509691,0.5762908240247526,0.4655747911958823,0.4933884270671216,0.18273311351738641,0.7041114918012781,0.4622026052237871,0.4153584930679237,0.4801283341200264,0.5823769672057821,0.6765018373713687,0.7315595366192689,0.4206749733671913,0.6202569258563777,0.6596744392848919,0.43280707834686716,0.6282165184377355,0.5042189888718962,0.5602623793918973,0.7365140129603063,0.7386978237350412,0.32250280218180905,0.7181313788425108,0.6510688458714355,0.5721314793299221,0.6571993813506989,0.7747364545418147,0.5898426097725569,0.6182667967735309,0.39523349375586037,0.48154152564613106,0.0,0.41445502393975886,0.3818037705006123,0.7292629096550933,0.6392443021711323,0.6455172413328505,0.2797916246920149,0.35676920841032356,0.6254358483525735,0.8049955955803902,0.47684911310457245,0.606327373495283,0.29342249267494047,0.5748929488423613,0.7422763985087961,0.5898868817792611,0.20846546535772603,0.3918446348632685,1.0,0.11301313895947196,0.8371034597541076,0.2739431432525876,0.5667557737452373,0.5743255984557472,0.6797318926450515,0.5417805895626477,0.49297836795659045,0.4124226377414715,0.500198328077456,0.2493810918748589,0.5854085293559148,0.703742072986195,0.48905140290479476,0.48893418457002014,0.45189084844293426,0.42334953866666725,0.6815062048150322,0.5289514167713714,0.22116424820781866,0.48011713131458844,0.39721808496306643,0.3862384506913763,0.5694278813536533,0.5450900311896474,0.8487887798391078,0.6124531711479939,0.42558170889454416,0.4007260083276307
C3N-00436,0.15366902555013873,0.4537011880899193,0.5137560662277885,0.4307024261035668,0.0,0.545893563405552,0.6261423368415464,0.46497929480022826,0.6308571302272625,0.4600737059820368,0.3904397585781947,0.38253887246580387,0.16503413156333835,0.42755005475960317,0.4812399293700125,0.5654821151542073,0.5623063420079717,0.603055843274813,0.6406849457101433,0.6610137185251048,0.7809795202445677,0.3991773350869554,0.568691066427081,0.5969858867665998,0.4957505107584659,0.4071451589989099,0.5534702870291426,0.6052105097702558,0.600557234634854,0.4410207979361651,0.8727566564365858,0.3531408018579434,0.043275795225000024,0.28934625018745663,0.7156502801284113,0.4246666103492087,0.3859622462063541,0.460889106196797,0.6561626356063659,0.21555118705283327,0.746615970867115,1.0,0.0,0.7207503945160814,0.6105556351988568,0.4449320196226605,0.6644619680451598,0.452996030359051,0.19893880268120157,0.19444877221500967,0.5088748706957045,0.3862830337903027,0.4126294328106095,0.6695485357551547,0.01528620876515241,1.0,0.8552986098711202,0.558043174690694,0.0,0.0,0.506485077039736,0.40529465594024217,0.4638992614259081,0.12714626369729842,0.2586554174764757,0.8435337295418304,0.5403701015935134,0.38431881417933056,0.5345345445560152,0.6687843511635769,0.4811417563362941,0.07684866415964997,0.3492443021428624,0.7202237125693984,0.869195511226442,0.47506933919467365,0.2817867454198719,0.5557199886157109,0.5873961788955082,0.8979186992969233,0.8087370870627009,0.5882508754493792,0.7618766590511648,0.28247514277178265,0.2836175071414928,0.5905855578085024,0.550997521900106,0.6358174149951736,0.7538750011774038,0.360778527054574,0.5527122560173439,0.14248484788768323,0.5857858523627204,0.39245859094387825,0.6300171839128836,0.6342885646557583,0.34175907186378396,0.6407622156375172,0.581741909827608,0.2399712811867083,0.6712630241603925,0.6597611685072442,0.28458666421261736,0.2335912410469536,0.8268461073299838,0.601577413712544,0.2986785897706383,0.3426709394529972,0.8970390174002407,0.3894409812794528,0.5133309636561698,0.5050340153251174,0.531379787697766,0.22128432817071797,0.22030277799531284,0.2786263473695083,0.5897281766626197,0.41098153769030077,0.6437885901064657,0.3342264133922761,0.3540250228385471,0.4804655104846738,0.1321140437948909,0.5285381235490192,0.4413504864872202,0.8256293536932979,0.524531880601975,0.5401515308102471,0.709510526664701,0.6622173315959117,0.1356711858068529,0.30138116557988504,0.3497077702203484,0.6648625755426343,0.4779421680235494,0.22639351319133727,0.38650813400945516,0.3006560117573178,0.826134416470417,0.25426347054994736,0.5452960958057442,0.37421184022029674,0.45004529351669476,0.5057092859150956,0.030543259392992184,0.29307581271497796,0.46348661300210914,0.5320470470370235,0.7871098858912369,0.5949896487807074,0.4909418790337803,0.703020393191002,0.6540970873851464,0.5307717852884704,0.6224737140102654,0.4972963188334827,0.7718084198762973,0.6191594904282081,0.7629287347496136,0.345105269021321,0.08994324764758233,0.3048564059250154,0.5185705208584004,0.589305989304032,0.43273642784089805,0.2096359283657705,0.6006329927952496,0.6991982036147828,0.48224111825512495,0.8020612263418023,0.14346869655761907,0.009848940319697519,0.8568122572929968,0.5207045174429936,0.30475756520758424,0.40196035594296475,0.4715670653241375,0.5745483874795498,0.7678349936873268,0.5761496397244379,0.8594092838267215,0.02134778515729252,0.4982631097409076,0.371764503266375,0.521490297781714,0.23581799913137758,0.0,0.4924552596647995,0.3627825673952749,0.9533829066964028,0.3867565576272334,0.607345571246876,0.4765981755696629,0.6808604961206388,0.4197629080835492,0.5497503515786626,0.5554795085220672,0.0,0.2763585419342278,0.4547447828999971,0.5259007830367004,0.3767046604061637,0.19600154167620687,0.0,0.2613954680399613,0.4124700456689885,0.1353198493820047,0.28587588311220813,0.6775222709837676,0.010547124675380104,0.7253859366004178,0.97366586486259,0.4387550032443315,0.8845748955319905,0.6780444500437532,0.14788016008143856,0.43212665848710685
C3L-00599,0.46533576256256026,0.0,0.6867103460690167,0.5833908084189048,0.5760018032431038,0.5662673108406411,0.8452494543610776,0.16532762693044223,0.08220927257356792,0.5007182275671589,0.6500041529134517,0.36711933933364627,0.03374249143274355,0.5491921206144994,0.8684437844912907,0.42897186850725433,0.9452588713986305,0.5852835321412435,0.12966226307275086,0.05845110177657453,0.5611693163775762,0.5895134988476967,0.6692808768907552,0.27900331759377295,0.43870018048203363,0.6566936083707695,0.8378016989124326,0.775352825161935,0.646478392573,0.0,0.7129974505564647,0.1099720506681523,0.3699661319223342,0.374038329481877,0.5539551232450854,0.13278793933710187,0.7218841729219321,0.028539621796086934,0.7008555222878288,0.7635597311798605,0.25153402720297535,0.310764891337989,0.6857725047275158,0.7171632624346755,0.8412672839551654,0.8361733919851648,0.4031271821057949,0.29191691504858497,0.03705435188710382,0.2241146384057391,0.3043666558682636,0.6466729189521061,0.34340576219122987,0.7975014566374021,0.24219641376099865,0.8468292840608589,0.501694424987793,0.33315082947952446,0.32344180842895476,1.0,0.6723127573155789,0.8891646959898125,0.08594375671946608,1.0,0.42965178284451255,0.7490266413837734,0.6737501526250682,1.0000000000000018,0.7289797452069777,0.13395334865623454,0.35062853829597884,0.48577663152773276,0.5595081882524653,0.34868868859544655,0.3395340602489476,0.7491346246598987,0.0,0.34313440219549296,0.38168195853453746,0.7749697025575557,0.439476564641053,0.0,0.5643827373393453,0.4613487091494237,0.4152094996007669,0.2321877757135482,0.7355666000314312,0.46766324767054,0.2931078392170239,1.0,0.3577325602767516,0.5132541337733834,1.0,0.8306188274682249,0.4909961237253615,0.8316814966747188,0.026118285621802073,0.44302664038952067,0.5093157022067389,0.5336034641226135,0.38134721213531186,0.49418541002093974,0.6912818622132795,0.866375718524262,0.974791816851833,0.8355364081484886,0.15825999945410985,0.6472496655036437,0.7659036223323845,0.08796170136182369,0.5840813308790764,0.1720384730286204,0.15817560730126878,1.0,1.0,0.0,0.3248638291939443,0.5192641425533537,0.4747547924631874,0.6100102315988423,0.41096334448953264,0.6187322693125594,0.31365987126182837,0.0038452206800343447,0.7244472175612771,0.7162172448170132,0.43535544605063947,0.5510207813727632,0.4195425871829439,0.0,0.0,0.49654400766415296,0.2831847113529804,0.5249674578172785,0.1200352873646402,0.29377488619066394,0.04320627971132396,0.0,0.539072157100037,0.0,0.7359259056781671,0.4349744573905241,0.17376430173143653,0.0,0.5877732051025966,0.6834774676361235,0.3232270006217295,0.37983757010040264,0.26666602948123597,0.6827532968228835,0.1334909441528218,0.6274179216708955,0.0,0.5200957864405407,0.3299428498482513,0.46803136968100745,0.06362456823799434,0.8077668989132718,0.8265079872157512,0.30760317734959486,0.19340468214811857,0.43745559070234563,0.2576667426048971,0.469132539137183,0.7150798293146554,0.5401117991288622,0.24688382713986812,0.9826215178314204,0.88255040209018,0.7057440147991514,0.6060280535714142,0.4770259228884708,0.728939804901032,0.617122122235461,1.0,0.38239877507857756,0.8770028183366598,0.5164336736914894,0.8206175718587332,0.7355413672141804,0.23588180712885531,0.19538301318945273,0.055384457592317915,0.36467095384625736,0.17167387176739268,0.07938578748551972,0.49309631341141014,0.0,0.39926102143092024,0.0,0.8002705622544326,0.32471428106003053,0.23186080566473777,0.8055602805201723,0.25969329245682626,1.0,0.6799196298451378,0.7419039397883616,0.16753503472925635,0.6246753357910642,0.4496490464434544,0.5210871625675395,0.480480175285507,0.7898841482149432,0.3891695996960576,0.4462667851849105,0.9182515782903105,0.24039919441282898,0.24343374786532213,0.375699449695162,1.0,0.5439029181424422,0.5988243985269142,0.0,0.7273953811006102,0.05058346497147248,1.0
C3L-02606,0.43294829329062345,0.5218278992941805,0.6645377123551555,0.23258436648083425,0.5566225661552977,0.36090669942801323,0.6629752820457426,0.6844985438374369,0.48304596907232167,0.5409649026097334,0.24884658670050896,0.41366379518671703,0.47757529986023606,0.3310002713912539,0.398637697487743,0.015960597902338947,0.63903013279511,0.4102859874571756,0.8273034590866342,0.2323360027053596,0.21015636600362342,0.381832444114357,0.48722410188834964,0.7843072090642274,0.6769290274001847,0.5159488883180234,0.6352442654040829,0.44121270810963154,0.7511859371099447,0.5878789821626231,0.4902150174407467,0.0709841165210996,0.46046890129356477,0.13945203555271135,0.3251813724977639,0.42978662122406774,0.11788053895365636,0.6367187280363922,0.6930412711795944,0.5558038833284069,0.7344973044669025,0.7493274464212138,0.5066160419978756,0.5435723218959523,0.577632940539754,0.4202042487207187,0.39248259800537966,0.5708006129704497,0.30438383188714724,0.20901961637337685,0.5064346403057476,0.5421144012871792,0.5293154145278081,0.6528769803271821,0.14728825812207447,0.6682752005475852,0.6372381782764105,0.42041240041316597,0.915640651880862,0.26168634245315125,0.5840699070882422,0.49545493369042504,0.1644141796862062,0.297078502716019,0.3621185436550718,0.7058942191805517,0.4820706584683254,0.5536205518780424,0.4425949661705957,0.42678316519016946,0.5468372696456285,0.3466871991734948,0.34857223425183825,0.994791364588997,0.5855893331794331,0.5532133421989549,0.3648023476729847,0.2595404546411295,0.6912152783013727,1.0,0.35672927272473665,0.6116143084302017,0.8602905795827542,0.2909208138545418,0.45429882279373857,0.5745510153931264,0.28686074049177,0.49643834410982635,0.8078036189911106,0.0,0.18741584421701418,0.31049876654472186,0.8241790775584033,0.6921616337517378,0.4294777861205361,0.5413403960276995,0.6108462157952665,1.0,0.44024167072380394,0.6136117367162672,0.4884662193519276,0.7808213871902927,0.4756470222794773,0.7588956590723672,0.7560691176834506,0.4934888534256494,0.35493340288866904,0.38333860973094147,0.5326517412408638,0.5435724498638947,0.2324703015236409,0.5419000819155988,0.4733213547400492,0.3381743011688929,0.4575389904593248,0.36006041248863774,0.5255614021802089,0.3358864683134719,0.4795974015439928,0.40321141931784155,0.5976578759337858,0.45749528937203365,0.5834295447433657,0.5912692564928026,0.6446607689413604,1.0,0.7184219374471823,0.4773143028783968,0.8015617888319486,0.7734361210457372,0.12788916370421433,0.46999792739201185,0.2748474899015392,0.35581251328525365,0.6998352504611809,0.28638474445784023,0.38956237295101914,0.5189749474634366,0.4553658491570687,0.6103386448146821,0.3042374080608603,0.614293140868468,0.5369170085465527,0.7003808166938441,0.37647022053195656,0.15724194562097438,0.5533481289312707,0.6634201954163075,0.9473775692368065,0.7770338783202071,0.4922913112509306,0.6465852211062995,0.6177551497535774,0.6815721133698123,0.5752723957972847,0.48120077324005095,1.0,0.5522272550433875,0.793817988803343,0.43862135136576796,0.572458928844652,0.5907321405944401,0.5144178632403218,0.5789477149448707,0.511811954379465,0.2866032424808438,0.44385294090092664,0.6181845454494876,0.3838166034379462,0.6837493551156424,0.3469533841693391,0.3752333804813919,0.7264380088595321,0.45375036392064416,0.01962878190483508,0.4976474820362675,0.31008430245680074,0.6998770269895189,0.7684764417098542,0.6253234859574626,0.12782954797155455,0.2386365043934866,0.658096210606324,0.6136291490008094,0.7872461241833904,0.3541201571404242,0.4838321270423265,0.5699291325473688,0.39266724712673273,1.0,0.2594402540458738,0.2647451994597656,0.2714387063422059,0.5155268270123798,0.37783518172194164,0.6637068500382401,0.45595772571291704,0.7717349813891836,0.14853175294480137,0.34185369130824483,0.51479817842882,0.6726496620353917,0.4356841084606877,0.4633966617796865,0.5363228203172796,0.5658165076858239,0.48970591564533184,0.44920498177738466,0.23683552349343806,0.5302468409106158,0.569641935824805,0.4687063066884356,0.4121926582323798,0.9227651430734767,0.36212088878896154,0.2733398516126879,0.6638732777378351
C3L-01703,0.6784936358282287,0.5968741960434016,0.7415878382905241,0.2967993419603463,0.4146155594152354,0.5411091953420986,0.5389880558588978,0.48438241499063395,0.5321150599043349,0.49783717964121266,0.3534433884553998,0.3556737857352186,0.12816975675357334,0.5365696201511625,0.261637240735638,0.5052410060653187,0.66416243677115,0.6010675555372309,0.43825586831285257,0.32294893639587663,0.5336894610970759,0.6743211831957963,0.2996927958272986,0.5689149739387034,0.5645255393440323,0.5540873270461404,0.48652622310377325,0.6533045141739606,0.41689428038534615,0.5512812327130376,0.31400057103842727,0.5250769761181768,0.5410068503001177,0.4777999493417866,0.42087219829103795,0.7220629726292094,0.38240413892694747,0.21375845245598235,0.42019080949826826,0.5201371385710303,0.515522285425078,0.4809342750112524,0.3186262111933442,0.44128277043390884,0.1633876385631261,0.39012281855364783,0.6066544080978602,0.45768139696556887,0.5623708917099819,0.33719950291886747,0.4952560238131509,0.7020505868159148,0.3101485660337282,0.251737993655599,0.23543541183735783,0.49280224138089235,0.7517148338414774,0.5257101875756303,0.6177061988609722,0.18411649301049593,0.5673445819219687,0.5404035173097164,0.329035642861605,0.5353718861019132,0.4886183453005266,0.39039398887883614,0.6212171131849793,0.38973348130796026,0.36038158757201266,0.7103563153013006,0.10412728139753469,0.5830636656384609,0.5483273656113372,0.4139646870400817,0.5133900154876407,0.748712593630227,0.45904474372212434,0.5215029282173136,0.2870811682943728,0.4285124667489413,0.36865707569974226,0.44752164154187213,0.7022196744692017,0.19718967615855654,0.49826854011057264,0.40028710041162796,0.5291993444257095,0.7681331520319752,0.4548279568144551,0.27268897622682076,0.5721961637563098,0.6750547802052527,0.9986754966400078,0.5079058244340349,0.3502933600084184,0.6662215131771774,0.6449559554961404,0.6682452438438826,0.3464854685638352,0.7693260735541401,0.34986473110046035,0.3366651528224267,0.9203823509933438,0.6978999616282557,0.7522098575268075,0.22799014822142993,0.38300667444153547,0.48300905691401397,1.0,0.28610443939509267,0.16650384052244505,0.5048569535198739,0.42365097753501324,0.26375711385678535,0.5166837595923894,0.2138925710760109,0.4382157725501461,0.23135066710399244,0.6678909843716907,0.6377707115433893,0.3511941061095367,0.542835779739562,0.24806977654096052,0.21053990795526722,0.55204877908605,0.4585301268419748,0.8044921617417629,0.7824852489656653,0.9565435419048516,0.4065878792918056,0.3421836282705577,0.24043381072752412,0.7035363890775486,0.21251398001568234,0.24217801169775655,0.5299599896591483,0.46887405827721906,0.20475151054152185,0.370984062449665,0.650995905261027,0.26835421278912897,0.2410073029543307,0.5625240809158711,0.752514608681274,0.5725425803386841,0.5004091953490661,0.23109150528491718,0.2963825682729233,0.8067444298743993,0.47441041529889993,0.34298795513224434,0.8779248161049598,0.37845437381087166,0.754553266736055,0.35159315068258934,0.2975473152208785,0.5268813914506119,0.6956403767842652,0.7392144032852297,0.45661345105262896,0.33559433014027107,0.5386643847635462,0.5121431170509361,0.5810404926463288,0.794612265464754,0.38975559560250517,0.460923239414063,0.5811233958135844,0.44524302269221216,0.6356260932335633,0.17468567898144727,0.7145184073209361,0.41771323593990983,0.8456927523379747,0.43700531981458113,0.31594981468882644,0.6870825755452294,0.7302254350650683,0.6161119862005648,0.45441286272530945,0.48776618822378737,0.38265377863380756,0.419227115683082,0.9568751053441513,0.627399941991424,0.19391912656523225,0.6963118699975084,0.7378549244123285,0.27240353034360965,0.6963684630062428,0.6560608605773162,0.5076123522224503,0.3743075120074266,0.6759449674168039,0.23511512588068673,0.5681995133056859,0.4011586911127498,0.7553744885311495,0.30679677803577254,0.533260835633234,0.3889197445941903,0.5794115947793088,0.3608804257842628,0.5523703538109714,0.19197264727202956,0.740555147273966,0.47109979367289245,0.28722760353915255,0.3591452145681959,0.66419002971403,0.7947621861133172,0.8369081425100333,0.48958421033544575,0.5372042966057542,0.655410050600512,0.23466110502196535,0.36433211264435883
C3L-01662,0.6509429918862857,0.5012176359472065,0.7973666101904655,0.35805904462857896,0.272109239327202,0.4957177953179768,0.7001637306800106,0.4743831275922208,0.5038376133407496,0.0,0.713622934500167,0.29472032351509103,0.4255815602985482,0.7834561803358273,0.8381234478630368,0.6252700840259884,0.9078129328194979,0.3091790423887666,0.5600775094422321,0.6573273315497694,0.739054502031177,0.5239021267201043,0.8364319594180811,0.5792814177935384,0.28858383634544893,0.558554892997341,0.2820334516429135,0.22501402566557616,0.5328954199245466,0.6022199498204763,0.9689675945932805,0.6351191247641026,0.4412108178158416,0.6204076008723156,0.341571443234189,0.5751870334167464,0.4024003080239211,0.3978596023120815,0.5682564601533615,0.6775875584508473,0.6703155822352045,0.7951345342210452,0.24249151284425574,0.47790547612231293,0.42256536877971485,0.33889668062455414,0.28372826753553326,0.2096990817575648,0.39945186318069403,0.3397007200763067,0.5057061683369399,0.4189386289428345,0.5745415440229191,0.4301582736803162,0.5241211514410313,0.5566058898182327,0.8145707752100542,0.6481089503850082,0.6832115381243185,0.5805002537917012,0.5264266837574922,0.5014674460597739,0.4813064867913255,0.29891293259838037,0.3702333369468427,0.8929276050567339,0.4943101580871865,0.4058935624057547,0.7369891623741474,0.4315245316270513,0.889568586260939,0.0,0.19230333853237802,0.6610434926578237,0.7733817348006777,0.7218574267229219,0.0212366758043796,0.4203089813435623,0.42915700717437133,0.6532350752382889,0.42871677536848907,0.20865192614045824,0.79718242839302,0.30518369670585965,0.6019975932265851,0.6286466433338447,0.4141163869816733,0.5500024965153365,0.0772347731416474,0.6280248411405331,0.3477654375738197,0.7005311808651449,0.7587962813734599,0.4215263595127521,0.42066161748306286,0.6714684832566,0.3071583239293538,0.47529242057096965,0.42704148239362194,0.4404301544315725,0.7731203535013833,0.6819156280801337,0.5065521817078764,0.0,0.8075545427711583,0.7337729836468334,0.6116922765072843,0.2719899978722822,0.5368357636064722,0.33539002482692837,0.4632519353844913,0.4515183929172224,0.0,0.6316203164957166,0.6332400868330179,0.3493144446947678,0.2517379115332101,0.3548154490542288,0.668770616589371,0.4306975473350647,0.6162611880795765,0.3235302957904551,0.4774328907717056,0.09747175563538768,0.5884719993240921,0.06014581435251998,0.7186463780085344,0.42432569461128455,0.2605407095462642,0.566830723314979,0.4393470094406311,0.3964511400825108,0.7194951154431699,0.795713035106818,0.29393968591407216,0.3491458606421096,0.4748782907594258,0.2169779971621164,0.5258225501862555,0.5885801399244563,0.2763059642850241,0.4484891848447221,0.5074317141676996,0.28783576806466726,0.09914725476989972,0.6297605129402992,0.7034718090445846,0.8291078581278271,0.9022856235471686,0.32454306894271845,1.0,0.6956968002824571,0.7380176009665433,0.6212236554430781,0.5017373976469486,0.41534181152853655,0.5648396029171714,0.46708315800753564,0.45726185900354466,0.5997305341358619,0.7068518928279168,0.41240504449284643,0.6869563926950342,0.7382718964465997,0.45329016138767564,0.42724774819241773,0.6252610035402082,0.7881683466880975,0.6353466678488733,0.7150408439685556,0.36304149096824645,0.3919429114367379,0.491364315640332,0.45924926623814954,0.6554235515091413,0.8756327707402978,0.5941104491354352,0.7469397969053793,0.5644512614142982,0.7197220096008561,0.5177078640016965,0.5363287378783514,0.2099504761208415,0.4885885519018096,0.32640467443287946,0.4785813600966229,0.700954023617065,0.5313803703122577,0.6610326769043589,0.8006755344058938,0.4089921531342462,0.060012883795982574,0.6130849371785843,0.8416142063158674,0.4319448434579174,0.58157483642408,0.3654000010765337,0.3378357693116776,0.31194451739841744,0.6740211683761022,0.8035289507074577,0.19965786283905196,0.5720131201175,0.6146033745889561,0.5805950204583392,0.4813705995217932,0.3382011734084509,0.749977696626642,0.3344831195673166,0.574890985386725,0.47503797807033266,0.48246470008290476,0.0,0.7234648885591461,0.28588526563789785,0.4563915056450636,0.307598643792506
C3N-03061,0.5398851070741291,0.7480978726180894,0.5216255767751719,0.24135003934614296,0.5053813355773915,0.19249572439422824,0.5857840723433405,0.5525383434177051,0.7039593277886596,0.3654734846343466,0.5479960823400507,0.48635053563441843,0.32154796622867465,0.662550879278923,0.40173430838686386,0.3250528730477491,0.6249120220170727,0.242563418542872,0.6351407853604005,0.42671297497121863,0.5290682865696681,0.4995862861556981,0.6211052245819992,0.86557551066619,0.5770179557666459,0.5416683188993048,0.27464080919494194,0.46094140691834085,0.6171650429150137,0.6717208537000854,0.6272133141202758,0.35508575120157726,0.5799290989598251,0.3066236128251596,0.3638296671136114,0.5531448873927607,0.3145869167962445,0.38518896897282495,0.4872612344258993,0.5939550861757681,0.6670061976808661,0.7859168382383341,0.7780872577750424,0.47410337813140924,0.46816146515174495,0.5188997107602642,0.655974457525339,0.41793549839370314,0.0,0.1983432407172021,0.3996920301856388,0.45080274310664414,0.3297148868382074,0.42182742792634187,0.2415297577675446,0.5169783017028804,0.683010592798988,0.7502643156119526,0.6065731910622887,0.34174217615202807,0.529550441370283,0.4426119142565277,0.2099828922237883,0.09850910536077961,0.626166454319975,0.5748341045770449,0.5667489196249011,0.44121595571937355,0.5796635818219436,0.42403245700981884,0.7244473885464604,0.37914399281072875,0.16036164411121057,0.21016909785189775,0.824184451801667,0.5682421157272479,0.4887656033975709,0.7775106048398976,0.619547834789639,0.7057036779012726,0.5690452895261284,0.8731763712110308,0.8676362401686877,0.6505768009696888,0.6722481765677841,0.096897550173761,0.3731153571313435,0.6075027314990464,0.4930633101798456,0.2473517657496025,0.36334632425283786,0.18210327631080325,0.4454900650026623,0.47800516334371146,0.48766654381772057,0.6095560308904844,0.4458381016669506,0.44460269724324775,0.3311865525874973,0.8411307903499416,0.6714508140740474,0.32064846707942074,0.3267932133023681,0.6901133621065032,0.6574380363607553,0.4836014531577568,0.41813403293917517,0.23660425498537663,0.66029330720772,0.802730288127826,0.39906521310502896,0.541831071291826,0.6568022088033612,0.2893995348470426,0.4875879881707412,0.5042407621175542,0.663685655645736,0.3608010865719713,0.6602038661119707,0.3653739298279213,0.5091843260266771,0.4556433385260874,0.16520829933327796,0.5606831540865169,0.4975380204099835,0.4697713152646621,0.7572738351866377,0.28753278353917455,0.9101318238293832,0.6777316791376577,0.5016277907521278,0.4316323498238077,0.49113823427304837,0.7351763413434238,0.7854847999020222,0.15635133413717828,0.4782645675575363,0.26060453270795225,0.7353725389622774,0.6160618810033114,0.29227622617230864,0.9345092799559325,0.4598256107064085,0.725768434072549,0.29992420280724374,0.28899681176533676,0.6119079439095163,0.5423618538882735,0.8519904345053604,0.11379011595538113,0.7172092015366331,0.6734040853723133,0.5231447965814588,0.6881232512909339,0.5487928938133209,0.4074796978905546,0.5992205373482129,0.5961987705740519,0.7363175082265654,0.2375060368859856,0.8123279278251374,0.5825059205796137,0.7158228872484216,0.5229497430235046,0.42649020047155606,0.472267276997151,0.7152092884339094,0.49374090303107643,0.34137728745613494,0.6437582516779905,0.3280414799413549,0.5273493303731502,0.4563175443331242,0.36408481816968674,0.22469314137538632,0.5307179114269314,0.41781552263080357,0.8063439363257121,0.5446337580616607,0.5748165718476841,0.41545665027150136,0.3635540852696515,0.7373769452952388,0.6861198686624537,0.950156982646007,0.1861028521983128,0.5404228699801656,0.8218434933688226,0.08689553784006598,0.8459600018376694,0.4514901042941908,0.6147801810408033,0.5961757781344978,0.6676102763838134,0.4729427620145854,0.5520110770948943,0.4396044631149749,0.7097370622300101,0.26895811571869155,0.4846983776046585,0.5971178640032928,0.46895824028794486,0.5811806021207744,0.5248743235770235,0.6251674614191587,0.5745947215034777,0.41836197276471143,0.4365263111179907,0.42202824096829605,0.6327018000485953,0.5396884108762983,0.5672118148396086,0.5357224201764987,0.8983922145101566,0.4819514289707314,0.4011156502455986,0.28708555565063776
C3N-04126,0.4823942763360556,0.8029640890233942,0.6301511695802198,0.4412934614027453,0.5664139557808507,0.3691384655931511,0.46675202143963546,0.6511104609663896,0.626468819889979,0.6313594991021887,0.3718656916914185,0.6333964423820984,0.33887676192098226,0.5666502730507599,0.1988541754640636,0.11122867329148889,0.6268197561986657,0.24101567952252267,0.5654451636762925,0.35387410463317615,0.25963275984614853,0.5273590770168548,0.5293036642123905,0.8014781334744896,0.7627568808901586,0.6840054224650416,0.2923123344541736,0.49894263462863364,0.6561418238736572,0.5946759449630754,0.3511317125895985,0.43906879036857305,0.8895236669823277,0.33379773552278635,0.7496618200262981,0.48673326570657593,0.11808614344481683,0.6730825652562213,0.7610973281853939,0.7404924958797725,0.4513883458361079,0.39221041658781,0.7400184370482408,0.4556736104832395,0.3813961494430913,0.21024499813521835,0.264676333432984,0.5169872243797347,0.5043114952581043,0.33238452017090125,0.31756626443977964,0.7324867825944743,0.34633479308550363,0.5537459734902761,0.030035364827803335,0.3759952432999416,0.5730701848220505,0.2689896399834839,0.7125856566469047,0.31903956462924654,0.5769647304005865,0.2667203806985974,0.10689531250787176,0.42476342080883356,0.5688666426634015,0.3929037460797389,0.4291487486082257,0.48641037197510073,0.42087473790320473,0.7251798111858783,0.5757197685575228,0.8950997269873806,0.5696419469230385,0.10796268731655712,0.40542090868905944,0.6246200284412886,0.5270013909218711,0.6446436845580381,0.6374580306531747,0.7394999218336089,0.29957888646687536,0.5747736086838131,0.7726206946867666,0.29183535495232604,0.7392946805764602,0.5319284012920491,0.22500288022860104,0.4376394275693798,0.3676092451183184,0.027642309614623883,0.2123174055125716,0.256624221798349,0.8432494015111409,0.7400159788899767,0.4656421045321668,0.7499873348144206,0.5299138194621591,0.6454570324283821,0.30200025145761433,0.606118166141238,0.3139675086588305,0.4571057148073763,0.8472742389303116,0.44253303333891303,0.7524571183023863,0.0,0.4599045330832787,0.6090513438400542,0.2719677245669079,0.7483059252598885,0.1520002710830326,0.4769164595373958,0.5876134869179364,0.2417760734661396,0.3960944592847806,0.2632638745562961,0.4574459341034327,0.35474767911549066,0.6498545295351246,0.7119957431057458,0.06245281056845364,0.4624476634681294,0.17408277252849302,0.5076116086310343,0.40725648620600907,0.4448685626646025,0.9942934161172055,0.21281402026625873,0.6663187868505727,0.6553256043952231,0.4236484185609761,1.0,0.4400572134285383,0.5572441070400638,0.26988710220874523,0.29920550564576676,0.4743757761877827,0.47800238368728465,0.3318998348250908,0.7134947446890756,0.23889569638557795,0.7184428646703536,0.31360953156494453,0.6501735281268459,0.7298101455222579,0.2671443294674596,0.1903069805418287,0.44114712180975246,0.7832389582705481,0.7616273553035784,0.3605378629580329,0.504317197862246,0.49760922575652344,0.6333400232858146,0.4441590370560462,0.24296096965065495,0.5985127817154137,0.6528885972226206,0.78790169802725,0.3332712701220366,0.892491061048462,0.7083676553104219,0.5905637230060599,0.818138157664519,0.6391502743691158,0.4752030470222799,0.35232212925139095,0.42608409725541563,0.1431263426970073,0.6570479201166535,0.47403109084887163,0.7054875714028039,0.5364170590907844,0.5483175242452027,0.3443237498554943,0.38567376824968314,0.8572512903371425,0.8125937453665477,0.5809530985765541,0.5165431337491562,0.3119575948186615,0.5301266317591047,1.0,0.7403787352608688,1.0,0.1589212200057597,0.5297240614232948,0.4902256805799148,0.511861075769735,0.6680180757605338,0.4713215586435382,0.5990447490948476,0.737007100088757,0.0,0.3219747303585372,0.263185601570326,0.4714154162579014,0.7907349655197589,0.25955040718233535,0.6702417598734254,0.754415058458874,0.5865200392638785,0.3097999336215054,0.40356173826951647,0.6066988194572063,0.6763850465046639,0.8158055389798609,0.45086540434243183,0.2880563237053124,0.8191627414082969,0.41654442060309904,0.7628141704772853,0.4748082364621409,0.7565923384890141,0.6322578114481807,0.29806436534043534,0.36850200259300436
C3L-01037,0.489885780365821,0.3614055426317968,0.8565433468108274,1.0,0.5868261870082279,0.7104736733823431,1.0,0.32443883763471604,0.0,0.5992226312350084,0.7954085712951429,0.3631463490961302,0.055730205841021174,0.3763583301468465,0.9032839111103996,1.0,1.0,1.0,0.0,0.5922447632934329,0.9016863695878925,0.03300374175427212,0.5787146392553897,0.0,0.338053579193474,0.24287623020319593,0.9253039181278382,0.0,0.3719856962426551,0.19166627980815143,0.756866053208455,0.03196573517215828,0.10145744561436665,0.902723494845997,0.500549195276788,0.4925253778165848,0.8047926260248808,0.0,0.8485342954904302,0.7010073099987064,0.2969159320935688,0.7401164849943225,0.6129349257273433,0.40857290172138416,1.0,1.0,1.0,0.5337499952520748,0.310797389987588,0.14176976322615964,0.3213899758865715,0.6840626268953418,0.3269332447675417,0.7878991679849783,0.39692071483875857,0.6052262711392178,0.9159052485131625,0.38677833608498036,0.45805903875666587,0.7208152702468542,0.40804393875523637,1.0,0.2563770690637188,0.7131290475962082,0.07553067469892483,0.8781421044472726,0.4076984708471354,0.5185906709124879,0.6112432174285463,0.03259920830783258,0.0,0.28784924827281166,0.19825085026965183,0.659920100230305,0.5298103616260939,0.9293815246300134,0.3617811682734988,0.3476703135247705,0.0,0.6382578559713288,0.27617574138165324,0.003033616375482495,0.4196823052113654,0.27941336212554546,0.8949752529081145,0.37905916413626883,0.599970831422791,0.0,0.47748653916987394,0.8277288813263617,0.15271959214819475,0.6175191657694903,0.5819162023809739,0.9594626013512126,0.12240969249416267,0.2907541262217528,0.18259175268728356,0.8312879677063112,0.9317694515564847,0.0,0.42774814400011074,0.2750254763365536,0.5525663362161284,0.5391360052968412,0.6128495525260593,0.6207076477282847,0.5196162988633368,1.0,0.45208570190498243,0.0,0.9134729257881524,0.1979285317028996,0.17156970363550172,0.8782231340806081,0.7511469051985351,0.3713910733607051,0.36243601727998964,1.0,0.5593801120718718,1.0,0.6735364324539859,0.6606663836149771,0.36200656839409184,0.3017387690694928,0.9606446907911206,0.9624564416621055,0.45725709598862885,1.0,0.4580852573860881,0.0010112760267553256,0.2259198064872976,0.4684555043945644,0.4875458086817872,0.7456396398775755,0.5888211205498841,0.06722573582737379,0.4915180894915334,0.3751982642825453,0.9539371079578132,0.1813159749184443,0.21330797648832878,0.3227778468203004,0.6400788817925109,0.20901178925256403,0.3357313672834792,0.6669193860416769,0.35844930501519556,0.6605406309178665,0.0,0.49299568000558835,0.0,0.9085568383154801,0.502016918386957,0.407484842274215,1.0,0.7045615485946151,0.024022275759818967,0.6401638889158772,0.8045160106190261,0.4315686582170457,0.44183172528448367,0.10302447698605377,0.18569373271168743,0.0,0.6437513811936215,0.7211765188227623,0.0,0.37874347296429356,0.6146941649477231,0.8053180111110834,0.5236277703545937,0.24974930677696427,0.3009641156351539,0.8166434204750992,0.8732142416747557,0.41043454342923624,0.6326850222612848,0.48529011913493836,0.798289979339657,0.6914376335503842,0.7517552359052857,0.0,0.08987418390697499,0.7165670308238425,0.0,0.41926725421088307,0.7941171112294683,0.4874637377773272,0.9755828133457012,0.1930520808484779,0.5449851520777322,0.44573322138128546,0.0,0.7574871345107095,0.28352695472429446,0.6444802688282572,0.6693513720558446,0.4122117398598668,0.2532021586141755,0.20217382272639384,0.3425215914297812,0.539050404836189,0.0,0.7194999856151512,0.6118700465071814,0.0,0.6197282765143504,0.0,0.29267402653469343,0.8416526475417232,0.8526227341622707,0.3497072873952609,0.5182250927479011,0.11831200512491336,0.6702909734882567,0.09566804441288035,0.6586139376836897
C3N-03839,0.8012180698819726,0.8365629251675486,0.6865714415163531,0.44367620095399474,0.11216591612684823,0.5101704006550865,0.5578871794004101,0.17732024553951842,0.3449156351109046,0.6317478989788974,0.5987166408881048,0.47452390762049923,0.24970119943115243,0.5472601354421922,0.679020262664281,0.6713128190174871,0.9630786125657664,0.38621775633249555,0.6698409579571365,0.307775182053712,0.25874906916548923,0.8456799283819763,0.3203104239669159,0.8273018094046343,0.6136436204265792,0.4833503446158769,0.5397208054712976,0.6429277041055954,0.4898204437648843,0.5790609615087234,0.5935721431745549,0.637256825505613,1.0,0.38746795411408286,0.356987967077929,0.20951258314083,0.8244428366053214,0.6726144096509294,0.7634191651617295,0.4998419921535433,0.19313786588094217,0.4278720256572921,0.4695667634292584,0.6054645582377494,0.4896603800001742,0.15580793478399713,0.6396126472138128,1.0,0.6302591004845937,0.06269587446126401,0.36146395461806424,0.528671816836118,0.7381291561139882,0.26413511610036267,0.12225541851068122,0.5567322134318671,0.7310438341814738,0.35716691968509684,0.4551038232532676,0.383459874840403,0.5457203457122901,0.14672707691461895,0.369646580163014,0.009094028810508803,0.4830060431206995,0.807132032263798,0.41195504584297105,0.47820245707631237,0.5331149782857345,0.5873439039403081,0.4847979035159682,0.1530427269443546,0.4864118956697929,0.28392568630744597,0.32277486421281765,0.5286797455287893,0.6112679911681695,0.5838141778541468,0.4694580830863764,0.7465803812374041,0.5159289366358415,0.8093159298735593,0.5274908091159922,0.2411456503079945,0.4172070223693076,0.41644029132148574,0.6585742665109695,0.5015035032541277,0.24693966339692253,0.23626171539381957,0.027402982089775207,0.47451273739986455,0.8028551162575877,0.740384615107688,0.5656183733850906,0.4512698440158971,0.13280356667333848,0.7715376102670355,0.33100282265282477,0.6103926470343968,0.5935002004884993,0.37226823047925617,0.5868894875674604,0.5836767837260606,0.808204699072868,0.3976679409342374,0.12167579803437789,0.5284586562154736,0.35303461716564755,0.25845807807992927,0.42646921793602033,0.2720286391598208,0.294345880484423,0.29459363548755135,0.7814027265526757,0.3790839856599426,0.47333818284340623,0.24009537606684006,0.7591139242071607,0.5393814662479812,0.6712129035445287,0.44165727070786787,0.0006713605169039738,0.16224940826814205,0.38927298072270133,0.7774900031912573,0.48409070424927414,0.20158919432111855,0.574208416002179,0.6912418138476859,0.37187464749158394,0.4951805082325449,0.4862935478159507,0.6165763395989101,0.38546262838664447,0.8449962184210191,0.5254713504213768,0.7882892070415224,0.21920314683134734,0.7350175199300146,1.0,0.47561185067653255,0.42457123499235916,0.6333506866736833,0.5230967548437668,0.7265273747845935,0.3435370740357673,0.5599169551671288,0.8545951284263182,0.6605931634312636,0.561426559980017,0.4778463151961141,0.5901418446270839,0.8917263454281805,0.019390011969811383,0.5591770883469618,0.41814824080408997,0.6398694814083221,0.5942171476934606,0.48183525655917947,1.0,0.8468822964223328,0.3745872533460286,0.39297189233736773,0.6760323627126432,0.23409620231381467,0.4109602504492198,0.5126788694253914,0.614788205512486,0.5776986727070135,0.4632471458062071,0.6713923652780682,0.7574725340987443,0.6239267431545628,0.33679871419149876,0.11772398834712483,0.6157744389178212,0.8029040553742401,0.5479845584360383,0.3746533867305075,0.28410617691990936,0.9761034841661616,0.20470996613656212,0.6993060093930801,0.5886545497329649,0.3515667154451334,0.5158479332252597,0.6458291955436639,0.3585191318403389,0.5585235836226179,0.3023654001532208,0.7444070495032893,0.826889028170843,0.7614117069854522,0.48887045203897106,0.30544605722590035,0.26033395354840394,0.5082317650991772,0.0934058717554831,0.6600451938317988,0.0,0.42821738606863047,0.3013639103585035,0.26032901416718346,0.3709794324096385,0.6008794388916527,0.5390601674558857,0.9999999999999982,0.378261090203047,0.7594639012588029,0.1714912855547155,0.5206494089375067,0.1577927006980655,0.8518168730382669,0.5929004601036993,0.11291312905873419,0.35038556392083464
C3N-01167,0.4212525981094366,0.6305779580250679,0.5283677013199721,0.4357268014067408,0.6452797868807743,0.37900297224259827,0.6569068478399984,0.5727017718158418,0.6414516244289743,0.8468512841923399,0.7659579954673799,0.4856790581833339,0.4034012059004972,0.7573826829687995,0.037220668562511605,0.45281111970976795,0.5575601180090857,0.0,0.6112389245972789,0.5156367081037452,0.6257580682230959,0.8067794612484391,0.8475241378556824,0.6740687943514097,0.8209711682263467,0.6280835346434408,0.482251473941961,0.8321917317936389,0.3525250962997557,0.7102118241110116,0.13723133505434504,0.756029340039654,0.9758840078679256,0.2511466545461474,0.42913190940710155,0.8080226373530133,0.24280128540184975,0.8257610615222326,0.4295213152943127,0.4836167945198504,0.8703398975264953,0.35619084843103366,0.6003483501511795,0.4321538469228621,0.09471373766264435,0.0,0.5711624958083306,0.4638986580801987,0.2510648976018217,0.39943995451808867,0.45405187019411564,0.6479502073307533,0.6285639210894587,0.21937752916520736,0.26935829175333126,0.5881530747004771,0.4195513484740161,0.614226356865744,0.5469307289441776,0.2751343116271965,0.6188444946897178,0.0,0.08792601636861441,0.13334821462535373,1.0,0.5158937859305777,0.4898163886490412,0.2657201889590919,0.36536889971022113,0.47660088817814383,0.8070565800945886,0.7769107393880592,0.4979709374491659,0.11327817228728643,0.5026796975799872,0.6055315474993161,0.6799873556054159,0.5641599377605298,0.26665777419947645,0.21728315894766226,0.18254432487555583,0.9737184591861308,0.6794064301037128,0.3855478045449763,0.7098455545701157,0.6093137432651723,0.1813078598011888,0.7902291991069816,0.4593140051425699,0.21263110561041998,0.13066631991840438,0.5794373891278681,0.41668231368063324,0.7100466092852677,0.3855188342741318,0.2328756811250905,0.6445607721463205,0.45660401618829205,0.3961173922746335,1.0,0.0,0.7296263246804324,0.6691153261963914,0.6768193607391328,0.7019069724602094,0.6557291320835184,1.0,0.26300184960545536,0.23193164447233983,0.7826627371812052,0.0,0.2972986867099907,0.6285465951673803,0.16612652617739165,0.6443960323064495,0.021375671031092836,0.8420285318914633,0.13641774832541742,0.6045679920043323,0.5186116205950349,0.6510536693405324,0.3842934657831272,0.25309147220754724,0.2575527182411719,0.46184063733959846,0.5151490856993668,0.9299890351700544,0.23376119904698367,0.7560383096773151,0.7592136982247233,1.0,0.4730443465087397,0.5780045997373016,0.4767556777692725,0.00466259861300955,0.5140302621045523,0.383933421310207,0.4915672562745206,0.019788650812742503,0.5926984694380302,0.3145669366448054,0.3865530801391488,0.13153116060668246,0.5764311680856302,0.7171934671457088,0.5734364168517807,0.3111791461293354,0.5389694455181626,0.9506863533985559,1.0,0.8453574122682568,0.5897515757102614,0.9118751423161306,0.7697247156869889,0.05568892570632755,0.5419737803717126,0.686954768080529,0.7520830080851191,0.7348228936787642,0.8251065740762478,0.745879821547101,0.8896755949885282,0.6669812085483215,0.6427711583951723,0.7317920891022522,0.5424251689881174,0.7078780699417617,0.3834314961162768,0.5786457979277131,0.4558777802281071,0.31942825519766416,0.823915803582258,0.5305804096486377,0.7109609163111337,0.4906291715118414,0.3812120835240904,0.611581776352093,0.8842061789098992,0.22396613017948752,0.0,0.0,1.0,0.5341584931449894,0.9359069475406638,0.742474627613273,0.33921324485802007,0.5214559016152442,0.6163614727940914,0.4254945220501227,0.7805896646097406,0.21476863004050273,0.3405583985911864,0.7589818040523824,0.7585289425880024,0.5353973685419549,0.36857808429663663,0.0967374787908799,0.6714785186737711,0.13066911725286756,0.8707852338236304,0.580697590540507,0.7162111271899629,0.7966303972571858,0.44579446766182507,0.39285272631158685,0.8242700993179586,0.7201600755761444,0.6065266175659243,0.22778552812308384,0.9854307185232063,0.3589965948803062,0.7696578052673582,0.4727360639303857,0.5766006145086173,0.8946244714896956,0.3709747283067859,0.39348990589684263
C3L-03630,0.40754932371290664,0.6626304212660834,0.6383522551198553,0.5923134947155599,0.5223134455666365,0.4455699803666704,0.5733156396043668,0.5896025900487682,0.5261709304709612,0.4748383509502858,0.5470538756838916,0.42412079371618283,0.3137236194220421,0.5100284995290707,0.37371226743861996,0.9608186128300886,0.5636826110498063,0.1243733479789455,0.34868973756936406,0.47760692777632485,0.4018750016969115,0.3194168141568543,0.6983366979145362,0.6436524301217226,0.5636255953837086,0.2384725990904677,0.4819478576609093,0.3979374687854431,0.3945657461776193,0.6048532337626451,0.37565383552611564,0.553248685032778,0.6048925903626063,0.3074073859296682,0.655977922546291,0.2425982273289522,0.40780701852320433,0.29518253876797296,0.5105354079322506,0.6422097673181266,0.5810176584429385,0.46372922726281907,0.8785221204488742,0.41406130363200333,0.433807689302359,0.5876078125871942,0.5709577976821976,0.4494561764246594,0.4260325932773057,0.22449237281159107,0.32910023777881214,0.8289775748791719,0.5967010350030666,0.39103349463604786,0.6447436718167854,0.5720835929634864,0.675913397472554,0.4468500826234787,0.7824916542000011,0.289990562117886,0.4072964220683275,0.34521598945932297,0.28293041846110256,0.5520416843636724,0.5792583420557662,1.0,0.3778084750250805,0.6201432992540141,0.7254734876163393,0.5271742188465396,0.5835397650196921,0.43306676567122615,0.5659183314301188,0.3023256069232869,0.3267480851010447,0.6720683209781342,0.7950884071920878,0.701400161966192,0.6146261833289195,0.9124119087256446,0.42761312235222526,0.7664489686915275,0.526129554970451,0.36880392797150563,0.5730871582452544,0.3735870189484949,0.4277658589004165,0.17044393694801485,0.16196115594338956,0.21759635767863017,0.5314603935768076,0.1974010443650851,0.6129974566787411,0.9015522854482327,0.4923101381837647,0.6023191062949849,0.45452577473607647,0.47092401231429193,0.2524147511402468,0.5814246286678166,0.4421559846582177,0.24256830629999637,0.6867788011087859,0.5883406073644348,0.7318107127646032,0.2099000575119696,0.20970315912338933,0.3519316730658595,0.2157855747858246,0.3564463461539056,0.4453656431117423,0.09431323054516927,0.5712812784100034,0.20083274434862197,0.9376875431491118,0.34980073873468065,0.3050300341578662,0.4345052192510117,0.5558872571429676,0.4883462050283711,0.7307900740686488,0.5749021377460117,0.11162384365047551,0.3920691159099192,0.4534193326794096,0.41290496223879103,0.45245994525616595,0.04800959372957081,0.4472539513563305,0.5197550546487015,0.3293277071953753,0.4396949993686463,0.6748562248945547,0.748609527493838,0.47945143107118326,0.36616176592211414,0.5293780098256544,0.3922614339457855,0.37248550844903505,0.7028243489284307,0.48055859803780443,0.7916856010763622,0.0,0.34286641181024535,0.43199250540775225,0.7167923207979623,0.21913725102233705,0.487268733629028,0.8142599968120798,0.4404352339695903,0.5493570055798358,0.6169740320105426,0.6731766042391136,0.5036255966281509,0.5132529026106383,0.43973352251026654,0.5235004797569403,0.7357448144820111,0.8102188844248852,0.4066198852793974,0.6315143467307198,0.6968286883241319,0.606000193925567,0.37632039027824327,0.8596253097803821,0.576589595174557,0.6100080631220983,0.7808642989187824,1.0,0.9052081278172945,0.36569596770262436,0.5936369543286926,0.6095322467572228,0.35417406591956535,0.47859936718040785,0.34687938809119245,0.6958181244504722,0.74668323629309,0.38025299360077014,0.4816510115248658,0.4841914778168146,0.30260209045980346,0.5688522205467699,0.7268254074747276,0.7708412428987295,0.23862250198048685,0.5038775563569686,0.6749929525110954,0.3118436158756879,0.8644852070974736,0.8798228609262289,0.418398378342804,0.543995859841857,0.7200943543854503,0.2984148270246374,0.38474182551053104,0.2690581597858763,0.36378519915453644,0.0,0.5080719801530655,0.4962796638929978,0.5716619971213586,0.4540918245322523,0.5518894985278298,0.5192857830923248,0.44783659626592875,0.5282948022037868,0.3927456635426445,0.32067193763777535,0.8770316877292412,0.4871034825513334,0.6442171301233639,0.3744812908209294,0.7070379455342177,0.6177942108062098,0.5052156591720447,0.5371735896583871
C3L-01689,0.2223352110186525,0.7507623204868601,0.6084034816921751,0.38344585435535095,0.49148679271973705,0.4407679420656727,0.7628790137592887,0.7301037593965667,0.6381490498767235,0.4321387395904672,0.5806070813490276,0.4749772990262233,0.4567837747216519,0.7469131091836978,0.31324489385998433,0.2736007530441249,0.4607659226813805,0.5387917859998446,0.41844083269992005,0.3173007624318682,0.10281409986258083,0.3206528574601579,0.5367913782416878,0.824460894106469,0.4996869799297947,0.4670670593406605,0.16754925476739757,0.5097080290728186,0.4883231984013747,0.5955865172104406,0.3584113262731634,0.3306565101905097,0.0,0.32391860716235854,0.5465374328848602,0.6588719029676948,0.37623179579049193,0.8656733198899236,0.651342640792044,0.4833518108718131,0.3118473014152272,0.8787290074018212,0.5972807137546194,0.4210723446492213,0.7442039091040868,0.37276771555168686,0.6389284325654359,0.6611488836988819,0.226596169120878,0.6408484140018142,0.49111502036468657,0.5417406964652205,0.4689454001876534,0.6564239821847764,0.49289364033115746,0.8357278866679909,0.8657959100818324,0.5528207265608747,0.8265791751447633,0.023560741387125717,0.5482981779954539,0.6206389064496811,0.29819168061426105,0.11796919557953345,0.4189297209748446,0.5847543454723798,0.7240094693259191,0.5436617863043196,0.833376485706788,0.5065684675791289,0.3557997272160023,0.09977284636030781,0.14956749946560421,0.12417386857653678,0.7102752949294988,0.7237136390020265,0.10620478950449375,0.28955571079334863,0.6699274442755918,0.6104192991443043,0.4782085035316257,0.7651170636904823,0.3546453833670693,0.4676636889696768,0.6201145312939005,0.7333341686489483,0.2816418855051701,0.8028832310935634,0.5393786194758334,0.7949248948484353,0.11328701458295143,0.5417505365402224,0.5364755458264217,0.5949746635681432,0.5970911978093163,0.5370043551337602,0.6595380623600171,0.22950782007401038,0.2362864641666249,0.47230573024683054,0.6446596651271168,0.5735494999155923,0.577307609786426,0.5721251277200565,0.6683841655712435,0.7669644407966949,0.1859581048926735,0.49901071965538435,0.7679158920514126,0.2749351788311003,0.5376800199639327,0.3771279473513829,0.33651993611609576,0.29074927685688046,0.5573316498935004,0.4176190412694858,0.4422213810283484,0.2995252465717222,0.6085770511406956,0.3147964700026691,0.20758300537460528,0.47584906053829457,0.2926548951709922,0.6450277369669379,0.4200106612680159,0.8546573971602953,0.36450428150782166,0.33951441931484183,0.6813402294464552,0.821435429191606,0.06863023573563609,0.4933321933488082,0.7416821073600488,0.4232298408422679,0.3839148672036785,0.38515604884773413,0.2484931139225086,0.3894459979727003,0.6926390683492052,0.6847895907871511,0.3378953723927225,0.0,0.47496041918629217,0.8376219605244337,0.39733296370137694,0.4059659251946037,0.45546183284694486,0.5237495704591186,0.7198603940857851,0.6211726016470305,0.5585469008078476,0.6084673444310251,0.8577388167962141,0.456335955322297,0.5832093843298303,0.33427659572504176,0.7084322639529326,0.6285833700270267,0.7005114939892003,0.21406631293266187,0.6838986889026852,0.5559152425975604,0.5059279867159603,0.6666012499242289,0.6157079179531948,0.32126024248096385,0.30137049474088684,0.993765650052536,0.3309271405803802,0.7300200449088621,0.5256232494485822,0.32465769881975426,0.6371024720701093,0.7960692641092386,0.16230164829338634,0.402090507196462,0.5317294758857294,0.5228722701697812,0.7724351057793868,0.7397091975152836,0.5614246259006492,0.40869507986124276,0.39113960519044966,0.5959098753338967,0.48193124606731175,0.3323090564176887,0.5430309152195534,0.4570412767468337,0.2230169113156002,0.7735663672566524,0.04061613872733716,0.907195655866639,0.7881124767339429,0.7321199181069282,0.45414738062606563,0.5526407263932427,0.43730156739984594,0.25197213397476403,0.3126420570271935,0.4179684749368846,0.494585909366803,0.5080750558829896,0.31202954834106933,0.5928960584641025,0.6086862239153841,0.5294332456532045,0.3297060422942124,0.35485063206145284,0.5069422011313476,0.43382253260417514,0.6282552742952774,0.6095142409841507,0.730747193503519,0.8786221429146792,0.6276824273614316,0.21286255209216343,0.342507835992496
C3L-00928,0.8025827828527685,0.6596473832749048,0.9059589365449128,0.4275792508381002,0.41418412129371873,0.4682071181191789,0.6921767855362546,0.391717922236392,0.4700258127914694,0.3258038434657884,0.5410897462593489,0.5403411502805087,0.3038351488106308,0.2693551115939048,0.6520735037501559,0.7235266729805154,0.8135975435686955,0.5570223161976031,0.5063054179868711,0.4199501922670308,0.8941004486783442,0.4050775832825311,0.44633536784137373,0.4639928717062425,0.5148264570822363,0.42464125960890087,0.3492338696598978,0.5488212445570859,0.5261320879223721,0.540726418382091,0.1532689992559213,0.49840952584198384,0.40828367339369365,0.5956828436098576,0.6224453430859063,0.3382107553495688,0.5042254128059795,0.3350224909204851,0.34540998522542044,0.3473093867124053,0.6872231092778804,0.44654761415012345,0.6179205253024049,0.593770973626746,0.5657151451231854,0.6857644541246053,0.4261963083988931,0.6643635595503827,0.05394310044437134,0.34043994044476733,0.46402396556914915,0.6098720219330822,0.2830030398871699,0.5132750762463552,0.305502312084311,0.8820333261931959,0.8535799497161083,0.49902642275836806,0.38573750389368655,0.5304650266759925,0.5362398907690409,0.5165509066172831,0.35972513896933833,0.28890996818724446,0.42403313466698833,0.6331921713581607,0.6735904257217058,0.4155306783051227,0.6047987260953178,0.40162113273747124,0.362008606733621,0.5572635662440639,0.28922786963209113,0.39544229166524936,0.7736540400360319,0.6305883089078339,0.2817235521422994,0.6856293600896395,0.43463187729998864,0.5382757927747583,0.5053373930143383,0.356998233076137,0.9942017073564617,0.3675649644055099,0.5917995752051652,0.48737076004504587,0.4617991275128599,0.5414439648871365,0.5392012856706128,0.27137625365167395,0.12032428367020742,0.4039458363111841,0.7677006493897736,0.9289817934867024,0.5314549446070274,0.4659900084155275,0.7210739123865366,0.5626573128558476,0.2427025570904302,0.6271072575917653,0.7807625046891502,0.5112326566150083,0.19245758777906108,0.28860356535603593,0.8649698124113119,0.4681626131954637,0.4116669184606998,0.3839737319210741,0.9450100674752058,0.425206174925453,0.3979423018070172,0.20436117589627223,0.6209019208953617,0.3655377807329927,0.5796519214748326,0.449553544256748,0.496637352317844,0.307885058592273,0.5550179612851789,0.37855200841032044,0.35941389358472087,0.4151110367655946,0.38488759242117787,0.40243014174548186,0.6293597646333566,0.6579843999376891,0.76689722358946,0.55630297294557,0.4460924334598406,0.6890271237267065,0.09666846282104657,0.6523237093077876,0.6408460439299439,0.33433625941765843,0.6926980620392378,0.2676340261077632,0.45443373273786314,0.5169160948823874,0.8005979736306585,0.5305845573530839,0.390052913695202,0.38175948677636207,0.5225606354596639,0.6305480937101784,0.15282693252391155,0.4414377988242517,0.6162024593423538,0.5776332172765137,0.7719514340951541,0.4517759590916155,0.4513547666968094,0.67082018998458,0.6858009187325074,0.34433862920765534,0.6922401002566794,0.5320601552949906,0.5357714426354931,0.6893845695714482,0.705918548046732,0.3753113306681257,0.3695789165655281,0.4162721723855469,0.4824349813211306,0.32753258372904703,0.6914724574670457,0.3306982273050494,0.3175625153528596,0.4676555094999202,0.3873684342686534,0.681924562595448,0.22191785455632385,0.38723462456420243,0.6509590009646113,0.41462598541036044,0.35762748338787276,0.6756515941782748,0.6881937765860755,0.5361688761548926,0.6831206324635168,0.6152290833985887,0.7759401398670498,0.16899204119934907,0.32339090033065077,0.9464564648629619,0.409733755238495,0.3127956995838277,0.43416250846674487,0.6760129587314196,0.4366763443248143,0.7729672528426477,0.5290423645740923,0.3976350015106931,0.4099872454198845,0.6783800061726097,0.5214117288009801,0.7083908156519225,0.7204642365594598,0.4372367696878836,0.25021050847673854,0.2654562154808975,0.6839466828481804,0.47368988727486805,0.3818544556218946,0.12720510210278313,0.182627318686178,0.5079718705931766,0.5008526927750054,0.3711355417585409,1.0,0.40225965791817586,0.7679557021211529,0.6342046711827365,0.5126822724027207,0.8430209416654222,0.5168010446297977,0.27939739558612153,0.5845629906387906
C3N-01381,0.4319390677780728,0.7810140939729209,0.022568483474600498,0.2447387897093396,1.0,0.49592306522176965,0.0,1.0,0.6645323212364573,0.37683851356938547,1.0,0.3690395754099951,0.450556639582258,0.6152645145439877,0.575134082990953,0.0,0.0,0.42535106445982507,0.6766996672947609,0.43419978345522736,0.7692404509536281,0.5380467363650494,0.8139194330214243,0.802576396873814,0.2703442916738332,1.0,0.3923740515406351,0.5368300479606027,0.684747155613783,1.0,0.670595381335886,0.4796355606378109,0.5944800969858264,0.11057424314584807,0.7233700848455902,0.7343483469648744,0.45350110184491044,0.7621732524376856,0.490139776253109,1.0,1.0,0.7350634573622745,0.4681858096474554,0.20353450035028642,0.2247590383496103,0.39001261318880687,0.0,0.3738106395395988,0.6850854955801395,0.09805814008522162,0.31479254769315546,0.9874943220751664,0.6203711334349062,0.5682794168100962,0.28034892446119564,0.5758741987337874,0.707468416889526,0.44693389760898183,0.951845075507185,0.3501196460471352,0.15983756135567795,0.8338571416835663,0.3188993369612625,0.3789068335932235,0.47821589549464605,0.906959532540009,0.5555855451733542,0.600058351126382,0.7013883402511709,0.7216234931536789,0.9705481563105387,0.40285295123354636,0.17396111786730373,0.4612029900892738,0.6166004333907757,0.4890431798664423,0.7432602371377381,0.6115643276495595,0.47663035857664404,0.6534288726344855,0.43894866018154133,0.42724698103157266,1.0,0.4325562527844111,0.9981240641248057,0.7974268216278944,0.6920472307139445,0.5211362437724247,1.0,0.6054152298784423,0.35556421243116176,0.48629186557431403,0.8005093428030303,0.0,0.08110428577928275,0.4729945308799621,0.6808965660782675,0.9865206256768957,0.5996140020538263,0.6308175576855763,0.2799593676704131,1.0,0.5410332666438897,0.3829329692850205,0.0,0.47526653053720125,0.6625360795979383,0.08316479783570685,0.41972239896706753,0.577627601817305,0.6138195866017178,0.2649017269097902,0.8926652050487718,0.5334418879431642,0.01996452569866669,0.15408417023983745,0.18565225759196657,0.34930898312675396,0.7068803658137623,0.3596344478521054,0.42120765360362,0.5308207249395949,0.6897259314809254,0.5496797144632346,0.512942972194466,0.039375204252152685,0.6119028839470904,0.2877137694405283,0.6312055888066155,0.7254187067073516,0.7217687498654257,0.7374638551866939,0.5541179109003984,0.6018355697987623,0.1601183413027485,0.20141632589737757,0.6347172011994964,0.3189781594397312,0.47120756258159346,0.7506484688000086,0.3454361622999862,0.29315732835507635,0.3360719701900452,0.4561927067181877,0.9959534436043818,0.4309990734445268,0.23328236011580294,0.7061163367131815,0.822779591755868,0.45186493588903254,0.6293310962622272,0.78580395999942,0.3843827866654017,0.0,0.6879574673010431,0.36355322554336666,0.38744614472536654,0.5612925246479925,0.9485885834798502,0.6705171853927645,0.7508042560430574,0.5016989952241069,1.0,0.7237303292258783,0.7627449979935621,0.38904746183004235,0.6867100297065036,0.5593129138727928,0.31370299340018626,0.9341594137880449,0.45296646255036066,0.4653994974290736,0.7981409252974054,0.7591154063132741,0.9017941079447525,0.43355004713467693,0.7336625899466647,0.7958058294326174,0.0,0.8179253135158593,0.3800520276494268,0.22798947975391926,0.524932237096035,0.7605756260344734,0.49239601446431536,0.362642605576899,0.6530952644650796,0.5181315483116737,0.6324364664321802,0.8737180982844617,0.1668801501496162,0.30643464777688045,0.8750752530178616,0.877412218237895,0.25191502531014365,0.6831592523304622,0.0,0.8028924699094322,0.18917229647012013,0.6829546399328539,0.2531333103038236,0.3040368754683813,0.2670829729308686,0.7243606668712772,0.7000609923373777,0.405758670947856,0.5847694326672803,0.5721638101931532,0.4214610248235431,0.7691810479685177,0.3058201186164844,0.7210711583168443,0.8548144118457186,0.5632328116388976,0.5870005336409072,0.48268957462544115,0.5575514763590412
C3N-01383,0.5044053896157532,0.7933673702176307,0.6827300558254912,0.4023421186926903,0.44442098880198166,0.18044199184943466,0.6826447010721743,0.6621140400860774,0.5806520006519733,0.5809011370025701,0.5613765497830112,0.435720892086076,0.3746749759471246,0.5806175959733935,0.19863514412229222,0.49209770426068644,0.6663944459363815,0.4397010902276435,0.5540144566487566,0.16148323295939804,0.3423360407371341,0.7527422271810593,0.583608866202419,0.7693639872587674,0.5764866748130828,0.5074033737045021,0.24117278691349142,0.7210955019582066,0.48402718157371005,0.5673828601602953,0.47042683663361373,0.6465509432690952,0.41517512876557383,0.5975534920084726,0.4562406377515664,0.3171314508699581,0.44084721560728113,0.2871033796729119,0.5593012895778005,0.5366357845371059,0.4143946257405844,0.47374290376644446,0.5649505990766439,0.3937178305734679,0.2708452820588114,0.4196622621825057,0.5541061833479084,0.37719555420228623,0.2939734902130091,0.3019221406877204,0.4654666320292664,0.5445743423100531,0.6487939786754566,0.47647976737529874,0.11724859696522927,0.49319054720027733,0.682903889096961,0.511652624452648,0.6407809986932129,0.1953696155545277,0.6327784302845387,0.3275068731745243,0.05558849323647941,0.3175987358851202,0.5555047534623228,0.3646760664135922,0.0,0.5362873439877074,0.1910741574748691,0.6417197794941671,0.3931195163433401,0.37578496908125203,0.468646977223214,0.5046349372701258,0.45856802139902264,0.5108249769839102,0.49069876741391205,0.5897268419519,0.5577459876674222,0.5824657489180005,0.29295090240843,0.5902223978733794,0.662493118630378,0.4261045543378179,0.20211037629055184,0.4957486856642852,0.3794084030375515,0.6483924680849285,0.48315462983027935,0.12529298790095922,0.619663052627125,0.5379807535880428,0.6504203818002754,0.4646339203793932,0.39716159965821163,0.4398374305074597,0.5097783572748007,0.48611426033243177,0.2786309817117685,0.5794394833581951,0.5339860648251467,0.4585026973618058,0.40866438196364907,0.6813154577323868,0.8199359648441993,0.2620978441940025,0.4920872073312985,0.48865137242556145,0.8130987937990177,0.2167493514182155,0.29582812643680967,0.44324888936167284,0.40200210911558365,0.32757005209257706,0.43141770751186215,0.2844752777780588,0.44859321933533636,0.24601441821427983,0.6840829608653545,0.2990709104512277,0.39879954526543493,0.6616754359940984,0.38568011925224077,0.5360397798747698,0.5947969787804261,0.7109926143846543,0.500499817481364,0.41277581051299794,0.9867877235890674,0.5311524016127933,0.35393401292145654,0.29871760622607946,0.2171825208817033,0.3481129374315106,0.3856782764909106,0.6590088837461225,0.4278573669625114,0.4175055038097586,0.5804353194364325,0.5820165754373932,0.15730075476021455,0.25508446158375175,0.4848976772756757,0.7292696247182597,0.6466685946828079,0.5207204021878855,0.26015288871192865,0.25620211380723923,0.7857109011346814,0.21690918134731252,0.4181676412491804,0.8098717026383326,0.777377561968656,0.5112417640584237,0.4003904209071507,0.4244040139240717,0.5953600441333116,0.7114340269310713,0.723409712228472,0.6072755443174529,0.5439357270386918,0.7635637791511485,0.5770461244387128,0.5603609095218385,0.7198326929824885,0.34206361065410107,0.42262973202369203,0.6010699891980114,0.2199117170196594,0.6028067285745795,0.1940943473543193,0.538716736092768,0.7927165193981334,0.7679776669258551,0.333020268194403,0.5637267817968681,0.9734148478860618,0.7048985898653788,0.6252168246634859,0.43733448366253924,0.5206542871610793,0.21823218269246603,0.5746127790144797,0.8054110100272052,0.7679199108454036,0.12172096024812706,0.6130233129377416,0.562683428274255,0.30138692271354195,0.6474995115421507,0.4696120089247131,0.3747172844135829,0.3098406878012163,0.6018205289477123,0.3152666419335084,0.6016526654843073,0.45877423229592296,0.5399424723176516,0.29054492453091063,0.3974899562543506,0.4121747829709719,0.5776907177203539,0.20545428282927602,0.42402241972211385,0.16831016244471186,0.5939909762124005,0.7909069414541978,0.28667051827507173,0.27868019176475034,0.7720913363578052,0.6924022419950191,0.7921850643147854,0.42358210505787497,0.8998015190935114,0.7108058106716086,0.0,0.23770481207249006
C3L-02115,0.9550264411513503,0.8475514647212528,0.2671293447839673,0.4782027133902833,0.27395813107575506,0.5133294679201814,0.6476368066240639,0.3435845463619138,0.08875019771655346,0.30747406331938265,0.8986027121433757,0.3981950505195524,0.6418867646806365,0.7370255788704814,0.8579710755783481,0.405128569162283,0.41905573318561196,0.5366487360403198,0.86569986006789,0.45457774950609675,0.6276741071819174,0.6845304453395684,0.5572693070236276,0.5179424950556673,0.017510946261424465,0.20489156028119204,0.22231514898981786,0.6064511953987548,0.6554656446329616,0.9280607134072074,0.3232330600483806,0.5590784451315516,0.283641185604381,0.5166532377543227,0.6409259800869771,0.7594903636266475,0.49280554378774966,0.5587907253819164,0.48274274501552483,0.8308224895628644,0.6532974886800957,0.7654932147444473,0.1501946817562474,0.34927928087121396,0.5912351559502653,0.34152188188249966,0.42016618369531855,0.1802330894040587,0.39751380980603557,0.39583701546609973,0.3854631460093323,0.0,0.7924495885058978,0.8059174238751687,0.2477412914954904,0.48456828215941616,0.8663591020083103,0.41084299600816676,0.745038667320026,0.6174968503945557,0.9645874827226333,0.7936137442280895,1.0,0.5387543406772863,0.0,0.8054593913699151,0.968840503679532,0.4789037708175474,0.8466644196090076,0.6148491020315419,0.9260424170832628,0.24825083147167248,0.26041037086752716,0.7096924019774407,0.32407343011449896,0.2047054714201746,0.4526208448632687,0.6624271454678103,0.2759610915887212,0.6454047550984541,0.5294752637850486,0.250296817475391,0.7562516091656981,0.5155966983315974,0.1936165580611373,0.7141361198322898,1.0,0.7011640760520237,0.5031562002129206,0.407472195132744,0.1714704587522462,0.12784036190343961,0.8764911937844619,0.28705925457556525,0.43745071585193607,0.5317771205483339,0.2359960471281397,0.9503701716099897,0.8306276411550266,0.7425761448059767,0.35452484465968226,0.8015010492938881,0.7513342420315849,0.11425835652074667,0.6258111753528866,0.4464421417335416,0.8600565251150769,0.0,0.9008039976496072,0.5253389972269105,0.913708812108851,0.5721769458932799,0.7908208778878052,0.4583186096018945,0.7825713261847849,0.2998565775092725,0.0,0.0,0.742963261278577,0.0,0.5724890880281173,0.0,0.6312026963755066,0.4053580557443457,0.7935614327384215,0.0,0.525605655414557,0.5889245923682775,0.7943275825102756,0.7119828532694719,0.09245359536325637,0.0,0.7635980129868507,0.05677609321889765,0.6469185595311799,0.0,1.0,0.43320157621793776,0.6308375651406912,0.8254549864631997,0.6498065248151121,0.3162580809812692,0.3961643402569601,0.04617167613113082,0.4150337299705633,0.0,0.8515521710017122,0.8555374441917429,0.6211145622959577,0.671291945414505,0.6659712823443336,1.0,1.0,0.44158439322505316,0.5991914994440606,0.6013591874919655,0.0,0.0,0.0,1.0,0.6994816070513288,0.3247540227686443,0.0,0.7437754804279919,0.5404903700306409,0.5910420999988766,0.8742797040675523,0.30718028828467503,0.21447797553029524,0.4887226161559628,0.5269943159452843,0.0,0.6524518748160593,0.9997275845029421,0.37641514567674506,0.5490983452017044,0.9209332728488775,0.7273792348070902,0.6175103630435963,1.0,0.5541668407581426,0.19008550380864087,0.5261740619186632,0.011128173204957292,0.37697473400004355,0.4314042752165719,0.44196784567336067,0.8738422913923003,0.7748386402349006,0.9138859834049455,0.20254682540860003,0.0,0.4853296263788458,0.8859392386357587,0.47347377488973397,0.9657470739007721,1.0,0.2899069689768581,0.2604489269080772,0.4648300690837459,0.30041844588319044,0.4046096391010048,0.9172895982027249,0.44743670739561203,0.43866896640807296,0.2754977700541712,0.22595072345538192,0.7146629375587121,0.5099459454183073,0.575120341930722,0.21907164818724922,0.27682362811703953,0.9999999999999991,0.6131222672318479,0.44609981200883553,0.46097610302044956,0.7489056636044431
C3L-02890,1.0,0.54433507306344,0.5926673918493215,0.6500826464661476,0.7306361604517431,0.3784659993930459,0.7998982346778192,0.537926736710828,0.3392758404278631,0.7637497768958497,0.32992766956511765,0.2813639840394,0.24837232039563162,0.1830906364995215,0.6263894115866684,0.3512416689039739,0.9466290663452206,0.39205649309720414,0.3760462706669596,0.13230505380096957,0.8648320514804269,0.24991667961656017,0.8136970256183416,0.6568516683907504,0.4136540535483171,0.2536913058252157,0.5918316643187325,0.21327985890418333,0.550508034328935,0.3596718492233304,0.7931083881165577,0.004012302175546267,0.25183640253590056,0.31332993285382216,0.6229484558412404,0.5615702520641133,0.3085192639779919,0.3881612358527651,0.5750906347871121,0.7219503672244532,0.41438580799589886,0.7705137723860798,0.5411463476625484,0.22997870657912012,0.28236361428707824,0.44340212753476926,0.6947898714197294,0.42213452528046425,0.45862085139567554,0.1028466108180357,0.36743721254864603,0.8681131429758153,0.48413194985372243,0.6502244671243105,0.24195167657532757,0.6170362922486659,0.6535994918071868,0.18937348653488462,0.6525966681228645,0.5725768152243447,0.6266985541703871,0.5449577094381226,0.575041380755879,0.4252467598681591,0.28810049730332565,0.819819708201857,0.5113672816204939,0.3455984333833122,0.3530417084073303,0.4045431913108892,0.278089547896208,0.5845731647240431,0.25046234264792133,0.6649148732610306,0.5928475879540702,0.4847249444092512,0.6176323603392682,0.41957282200631507,0.22774136104919407,0.619367267267311,0.5216376468962487,0.2733676907231768,0.7094690421073189,0.4606441964063066,0.9065223338268495,0.25121635467152004,0.5065799736770522,0.39031530319808994,0.446391368066422,0.5778737241787653,0.7707865934837699,0.5689893537737589,0.681600885150349,0.4470897046698319,0.34581547802959456,0.45298637727915647,0.37371188705667535,0.6608319252673507,0.5355703646254151,0.4597416141350088,0.4816797152310919,0.21528658977572945,0.7051849804526489,0.3834776575710084,0.8182014889864355,0.704562083230055,0.530788789634471,0.5163679963249166,0.6130879789136134,0.5457887243449768,0.5830039035202752,0.13489784691950035,0.4218888263838778,0.6040183059836188,0.51377011910321,0.3025756511664319,0.3110414093974736,0.521537069219697,0.6035315539755608,0.7353688978153059,0.48431641976573303,0.7756885573935612,0.3562371279836949,0.5013532418259921,0.6879796591005025,0.48687567589990977,0.727684618983421,0.5338306309977625,0.37419083809212594,0.5447903018040812,0.36414758924787805,0.39302411164559015,0.3810067547354983,0.606437424557428,0.5019192288101877,0.20349424714300657,0.6694870439084291,0.35190383600368147,0.7413043550915255,0.6784230731221896,0.16170989536258418,0.4519303507224377,0.37340475629544656,0.4745679287918918,0.671997412268027,0.4277262246708773,0.5373285530443841,0.8669588654729434,0.6963247606888814,0.5821162033845857,0.6240816889161742,0.7669770992545484,0.5999163503450298,0.5437137828692347,0.8928402221302143,0.3624423592859589,0.4519229277234942,0.560168240293569,0.667577639782766,0.5126979921833446,0.29234559296627083,0.5014455308498285,0.531501929805831,0.3731102624574696,0.690742943323742,0.6140072818229925,0.6723259920707108,0.6907209868580697,0.3442395480524265,0.7518436673326789,0.23311565242117638,0.46768739419301575,0.44586421815647315,0.7121619766789564,0.7350401251767416,0.47291525636670606,0.750765346930578,0.3779750218922393,0.554824339979028,0.567800649523452,0.5399426921491504,0.14960933040572932,0.6720247266102426,0.5622285844752479,0.6268419511814116,0.3369955606042252,0.6358020952816794,0.4802232692213053,0.4572189928161734,0.7361492823203335,0.7437420553322909,0.4422644842443706,0.5801964515367679,0.7130993218256307,0.3975282058179124,0.8455354598647329,0.35857286545734013,0.6389180365570315,0.03560014642937448,0.4923954993392723,0.2893086282199846,0.6098998626874996,0.46356892427831653,0.5573172277877863,0.609474067435579,0.24314083044520007,0.5825070902272103,0.2548751836077976,0.4460396166070666,0.8805216321209084,0.7508089494454282,0.3838516577061801,0.4253860074563276,0.5389020011524366,0.5531135143806694,0.44565865782344716,0.5068982232300243
C3L-01328,0.7603746561333207,0.46547564180276524,0.7186477844676169,0.8017394923272843,0.5298864827237075,0.7085958246781621,0.5214063649058822,0.42809548293172917,0.5017893618674094,0.47563508052021675,0.283475488938846,0.29069358662408806,0.4643433050876009,0.5150854718132774,0.21051300795983963,0.5874657128551455,0.522778710495766,0.24326688336923397,0.2916571951606457,0.6341661398533684,0.810484090672194,0.10004541299858971,0.5762337098115484,0.5014549057875648,0.6519512793144244,0.5665198342000739,0.3122187089369035,0.2191284763660839,0.742835442762452,0.5078383156751567,0.5791894571594156,0.11306382538776827,0.44738308686116035,0.5294513882957155,0.3224458556199492,0.27217503722384695,0.47507451300919357,0.5724681014899478,0.4139916215983259,0.7272980600770431,0.5013267504898877,0.8760217800933887,0.45169645010547343,0.266629700884526,0.27811257092146846,0.6060400337290481,0.4559344708255857,0.5721715378882681,0.4198176240812259,0.33893439119702506,0.49353833831306115,0.6284451057857545,0.2695887781134694,0.5089056308823281,0.3437098755270167,0.5889178082655748,0.656535607614126,0.6173844251247886,0.40630523360020376,0.4711097629371501,0.7281531423133334,0.4888905720164374,0.3713611430362729,0.3967657474157491,0.20812808816457817,0.6325845515743254,0.3569979241394474,0.4129642310750139,0.44783822395149997,0.5445353975514955,0.29611764685595965,0.5862977845948905,0.08852360403369275,0.6069256055349075,0.7244349043400575,0.5563207952350933,0.3536765440741476,0.7095693713094731,0.4083350649063995,0.6770855453762934,0.6917250134300001,0.30488806972516613,0.6137294692471826,0.1670632709061044,0.25134704130496743,0.20867820104182044,0.41267531072293906,0.6823787216563204,0.5022440638498225,0.47800118107604206,0.46085518384092694,0.3384299288166144,0.6343014670196698,0.7795213697991628,0.3457967491997884,0.33622269537539395,0.631731095185966,0.7988502685095167,0.5228333949576314,0.5090025167140624,0.5273391815630699,0.23896558673055335,0.3412858736557647,0.41667306475943455,1.0,1.0,0.5517419389684832,0.36390409675875546,0.4512398462090168,0.3040865893060811,0.45617439940862425,0.2000514272431806,0.582952398075756,0.41420874367135063,0.4193938097098311,0.37400871083381126,0.6022515707633911,0.44439116198863005,0.5711775194221662,0.5531107389330749,0.2783950255245582,0.5193792469527381,0.39448354046992584,0.2640766416003757,0.5746426921974397,0.615779839495449,0.793287105781955,0.5354873409127006,0.3027750158688569,0.6772004452266174,0.12965549965032963,0.7062344278626664,0.5839163117331161,0.7112552145650382,0.6075438282891703,0.0746633069437248,0.17728165430692044,0.22668501710429823,0.6018417266090701,0.3106984192024882,0.38632286011115546,0.6781433872174185,0.4762930273280004,0.46665443910121596,0.44238635120726855,0.34321428224411576,0.3585295157414663,0.9461407462848612,0.9365255040470615,0.37200903294808185,0.6001665508786971,0.7348033279634283,0.5109632201168317,0.6097858411199724,0.7870414926329197,0.5178319884270159,0.5460973624223975,0.4374372003001872,0.8678081108287614,0.0908459515122253,0.5309633737488806,0.5973304625377516,0.641087585190764,0.34852904116283767,0.7117805816585996,0.396000331576019,0.33058748486073064,0.47016071849682284,0.5472181143487393,0.7053709392476097,0.4115249703928967,0.1803079731873769,0.43276725728383303,0.27034831614000154,0.7101582093127448,0.5208380088913902,0.43512911408524957,0.32976848821317173,0.5117918982455443,0.8785986082954693,0.852705005097004,0.08961352558926983,0.35661808764285396,0.4932113825133335,0.48112478393165503,0.5241753391650414,0.3496162972892769,0.6681584733264891,0.5684348296754198,0.6611569487812936,0.28962915426832225,0.44006526769448406,0.4154778024433696,0.5189534709894446,0.504429806652209,0.4855117463182985,0.2618346810950847,0.41973321232821625,0.23596802626861324,0.0,0.5232700465739075,0.258465836949223,0.27970943884909616,0.28106420839747237,0.5303158402233934,0.5115961956473605,0.42027361449043354,0.07229581457186107,0.6050118463936744,0.4989721665284996,0.5024152330969152,0.448678979826969,0.26830845780587076,0.8767291907169437,0.29749206513657356,0.12246472166033939,0.4401615224016844
C3N-03665,0.4568781905831205,0.8789012047175468,0.6452233501903173,0.3020746425422747,0.7586891653767527,0.4033414518265017,0.5896266723313026,0.629996862201514,0.6696083615185877,0.6114996324338478,0.6600867817360854,0.5881234911655202,0.5854679939067395,0.7520624125587414,0.16605886814390303,0.5868240463420129,0.5655640342408201,0.33303745444241883,0.6667275181249988,0.22190744924722416,0.5958651584676851,0.6664027962985086,0.5289011450546539,0.6384579619896833,0.5709428580517155,0.5965251719441902,0.47528784521983525,0.5629713225208519,0.3354879724257813,0.7129717565033751,0.2934428383584802,0.5601024769065024,0.7252652491091354,0.24393013640768757,0.391113661638137,0.2930247756482789,0.2889528701710802,0.4938054771054805,0.5063812635402813,0.812679658385342,0.5521230336589511,0.47092265035073666,0.756033427583791,0.6230378831341645,0.2843533724656204,0.2612095499455478,0.5473142477161588,0.6567988697666429,0.28583947444527524,0.12572624599183513,0.4281617599791785,0.7999324560481025,0.8366418032218892,0.4089931277968333,0.05943854267294313,0.641787274302204,0.6537105475963543,0.4049218156569343,0.6466891954205245,0.19427446922689562,0.36286478230852914,0.2516791344129672,0.21199530236262198,0.2008010027699214,0.6898134480313765,0.5754310052656262,0.4842566682570819,0.47833882395638483,0.29320658781842823,0.5359779061932493,0.6186533114747998,0.8379865949145948,0.35968699996949915,0.27582431506148586,0.26055585618693833,0.5861730184307365,0.4601830427281737,0.7046991152200528,0.6877905572047869,0.5497186019337938,0.5343920533784914,0.8248388877667594,0.6630214434007264,0.5886811919813706,0.6283590959914491,0.7335279792909191,0.36383520961299354,0.3739099673967168,0.456678570554633,0.18281393367837495,0.11022105085925915,0.37683277421990624,0.375390540342428,0.61914200204221,0.529831562939389,0.5680277970289609,0.4726555104513075,0.6017165369125692,0.252553686528044,0.529729471229528,0.6776838529248561,0.3312064083626325,0.5157942800697857,0.7226245655717509,0.6717871520239571,0.13373535836136696,0.6237353839043536,0.3466712048268974,0.5182542482627639,0.40222724975466306,0.11578357077616275,0.20692297434526452,0.5120982399085019,0.06197457497707326,0.2456185896586156,0.35177063293763666,0.721145892341271,0.3027218011153501,0.6232807295162752,0.2529064478090568,0.2906277006240501,0.37155411792155135,0.36921818384707095,0.5324213310314594,0.4041901490406872,0.4142768373650796,0.7347576056768528,0.32129074217811393,0.6813049600208938,0.635986539693679,0.2924197640273043,0.5380997797929457,0.3857130816480421,0.019786020893280742,0.30953859945530837,0.43753032827655236,0.7082783201961664,0.29136267066346555,0.5732922352787178,0.647809980052017,0.6080089173535388,0.12233145292848935,0.2590252347341053,0.6334398554747196,0.821639241579998,0.4615788381896344,0.5820355872940901,0.49031336659564495,0.8849068077510793,0.3022540925562591,0.8156859785519082,0.7408643071733092,0.6825916757456305,0.5447126150780068,0.29662815183356983,0.4767417889099228,0.7185738848570438,0.6774037864419835,0.8293295250732351,0.39726506720464627,0.6620974172813128,0.6692021060756161,0.6353206655103207,0.699041577128698,0.5847554482054145,0.3198755887726712,0.5820820508173234,0.39659549424527896,0.1327230230217431,0.5929743400705867,0.343966028133579,0.8299312682391022,0.7742747934782517,0.6663317525279702,0.28257494785094295,0.1576974122281367,0.6775484278332335,0.6886347122405967,0.45840287039590777,0.2873695464677599,0.553447522562994,0.4980383081516919,0.6921854292042582,0.5931224169949942,0.6907562633554107,0.3229871217885325,0.38434012029285114,0.8276169314093575,0.36067529892997996,0.7194062985232215,0.4893100608406833,0.6531463368196349,0.5819805615448672,0.5613390354663625,0.2827098345615955,0.29422016704927323,0.3329228932030155,0.6137646252794209,0.216835387400375,0.4889207979211143,0.2148452641173053,0.6642849363739165,0.49651151907682944,0.3434785247646168,0.4228035298012425,0.5600132211788456,0.5416345591470684,0.4630874128724347,0.41012217613103097,0.7932280931602609,0.6617291102607972,0.5335304794884355,0.3881263601455549,0.7341076901421459,0.7173434404065517,0.343267966925616,0.3119891511271575
C3L-01598,0.48716993221932015,0.6399300393583296,0.8759258166128063,0.32985987160363095,0.3965467119494388,0.5588254565360575,0.7176129964785964,0.5389157304839802,0.46607400021786916,0.4737510135390508,0.40449256958120294,0.7518178295915803,0.36290989914319915,0.5089326646766299,0.1055645797117819,0.3387915071594456,0.4549496506315087,0.3879784015931662,0.8559736741753827,0.40522845964857446,1.0,0.23887777151125178,0.9415336656662605,0.4717189501990653,0.3926179315397711,0.39625165672237905,0.41074684289335295,0.4039392337430634,0.38509871616723856,0.40830901398919295,0.4988265677436061,0.31576706661391896,0.7433388844670237,0.5340373303647858,0.479498190299652,0.7572014556811206,0.4454092181153406,0.401317680738579,0.7413961746878632,0.41668192164964424,0.438926937716694,0.4128525977351458,0.22342292956317777,0.3613048264010845,0.6838640749291294,0.46505352142627565,0.44411629697469124,0.5096183198068882,0.0981163112949055,0.23406234240589363,1.0,0.4531307801698148,0.23693693141966143,0.6324497760370917,0.4023274669832517,0.8124644202284683,0.7652553542950162,0.6354806350654454,0.8398505714925548,0.23879944622028582,0.6145878836256227,0.5839173944960052,0.19882472646114202,0.26667373910529335,0.20597723437961335,0.5887769936748448,0.4785742397618318,0.49207117482532503,0.6270433210051429,0.6170474893634186,0.46338176559956956,0.3237180311519481,0.019907972992770695,0.10414822879162644,0.7540876991800278,0.5840753392913687,0.2863419953312043,0.8697991343054747,0.4642411396814641,0.8801035983056806,0.5402012191507151,0.6081848458542325,0.8700099682853164,0.0644921092681221,0.17192440616382498,0.5167744100896634,0.424768686448342,0.5690993025361237,0.4434393456225667,0.18908409457257846,0.29133635466290286,0.46672093137696713,0.8506631442297365,1.0,1.0000000000000018,0.6061003902743423,0.40720558354620096,0.7009922191638438,0.5613914509249787,0.6351977707404703,0.7572016993841437,0.5754087307607696,0.48474929731440675,0.5423359937796395,0.8694126901923083,0.5175974485309496,0.39996676118746066,0.36913761757152486,0.5988811333435589,0.6459996248616626,0.23792997022676943,0.29453709417275764,1.0,0.12915795721141343,0.636165991886072,0.4411112079760553,0.5691433913820632,0.175601691175455,0.44796676567263116,0.49932136199482,0.8172989655614735,0.5645855355212746,0.48863284438764154,0.5389333765821274,0.37299627278200376,0.5604918003244954,0.5605578786133503,0.5952581811755433,0.6883759690666533,0.7578845408920749,0.36723233304229197,0.5065024607401982,0.6123184068235297,0.6071235911248252,0.20143511363617606,0.3227277616781139,0.4259602257417967,0.3856918573383359,0.5763724868712856,0.4068888872642553,0.6073774880664882,0.7319740406328945,0.43385764665189175,0.45423575505028424,0.05270562631054787,0.1129727859827181,0.4630378529079824,0.0,0.7098570496496848,0.5894817297206112,0.21112428505774972,0.6357237478967015,0.837385187336551,0.4216610318622518,0.4192766031262991,0.499490262043091,0.671376402733749,0.5654543945247408,0.6045973874304202,0.4219591548718249,0.5238263691320988,0.6152421514662443,0.5094303000210694,0.5984674710944624,0.5739957092565939,0.33863363614366193,0.3066614339876903,0.7090333672722515,0.14781308617712163,0.8233896181584761,0.30378097648370783,0.25795374692744666,0.6877573186147523,0.6089064869311578,0.042546339425371116,0.5219126960600455,0.43160955172058024,0.5292201849468201,0.633881294921057,0.5736422906341332,0.35968592505848207,0.28714638976889795,0.5075064598266685,0.5452587454546336,0.4594006293917374,0.3092413414513473,0.3827066059885347,0.6179062908529502,0.3368542751448711,0.9407145273467563,0.2405148592624009,0.5870934993455794,0.1505981585566225,0.4525650831495156,0.3935904450712773,0.6734586704479675,0.6679702769876936,0.596407279836157,0.3394589773803145,0.5760647926304099,0.626811778952792,0.9202143074728824,0.8318157840313916,0.3813872538243803,0.3491455364546354,0.7784700037738741,0.5218927866830265,0.2641698650250621,0.8678526053511808,0.40347710864045183,0.6046942106693045,0.6532743914730288,0.6299500614215301,0.8346397396630998,0.5469556966133702,0.04707530447878483,0.35340989181672455
C3L-00625,0.4994189710244594,0.5593430445513832,0.703449169945376,0.35462079864996987,0.6068528922688614,0.3781519472760415,0.5472351588170312,0.5308893655252671,0.4676534329453972,0.5176726205675912,0.5162614870014863,0.7709598264966537,0.25687796445735955,0.5465901421670782,0.4546713497064303,0.4644307471647977,0.5282086591605726,0.45127673183523953,0.7189067880732392,0.19357031875088637,0.47419013901716767,0.577769138134351,0.49485738766957965,0.5953798731571922,0.5505215051832977,0.5163220946698015,0.4865179691673376,0.47000875894581995,0.5692490502156442,0.5796724015313579,0.678325652347624,0.6415542925278404,0.4629440670479603,0.26379837443581167,0.3412486945208766,0.20522761000171297,0.30943758647147135,0.38121601143668293,0.5505089309147264,0.5504324243590428,0.6123946675946961,0.7239752444399414,0.5280093583976133,0.4462565573159356,0.5057042068584252,0.6858374962775553,0.5929269118606442,0.8738888284896387,0.38988685948643464,0.13116649378800638,0.4521790115737119,0.45174669414240576,0.28073595611421,0.30720984823226516,0.25787511829874354,0.4141272870869557,0.8770745402620648,0.6757730606195946,0.46240140930901674,0.2714842653811811,0.5120193512926736,0.4080509731352393,0.37647764147573604,0.4328159182954927,0.42316663070903715,0.4547225916314659,0.45236048181229727,0.6920151844267028,0.49670057742273954,0.9688431426130713,0.3199758095778016,0.2112808261571839,0.3507589485824951,0.29397685015851005,0.6326812407908271,0.54398919488359,0.2945025245768864,0.7455554047700703,0.4961176200406179,0.6817127201339694,0.3761760654104567,0.4767549758519962,0.8610445629071553,0.42758720163480657,0.5438000018616229,0.6568189654238523,0.328842817204535,1.0,0.6196612756118203,0.4991676703430521,0.56439011391506,0.2858109980404091,0.5529384312962762,0.73089273070884,0.47608641502961646,0.5185023500837431,0.45817757387028735,0.7097688202768904,0.2557945054587547,0.703150933216607,0.7426468671376671,0.39069837766310656,0.650090926025185,0.3339633190482374,0.5910586277679419,0.4742288957150578,0.3976567079376103,0.5257772795003071,0.7453964395531507,0.3475094830360099,0.2794918157813058,0.45898690499129113,0.4912079897646038,0.2548498627062159,0.39554256537606314,0.3598919417792814,0.5752809522229168,0.39532572192693394,0.7134949936289443,0.48217125204583056,0.47876493344962867,0.6048710343861465,0.23944364709685217,0.6540435256243544,0.5024486113928539,0.5533157046682575,0.3414071544676158,0.5022603149562102,0.7689653243607708,0.5375945673914444,0.14062354323196402,0.3589177846780882,0.23992174920471143,0.5196337142344962,0.6309593817514276,0.5086620261922308,0.47984152918047407,0.47151264235974644,0.50032281028885,0.6284421916724838,0.37523775503009915,0.5951576330989568,0.5309285511486106,0.6539671370285447,0.8163779255252486,0.28039278550099667,0.4869799266813679,0.527658629316166,0.6883225097945136,0.0892397953094477,0.3479801385627468,0.5080211465506732,0.4465354359203566,0.5445392396325737,0.2020965526408922,0.4234442647319945,0.6527703534553915,0.6099978831825776,0.6843738433536286,0.30197960156010595,0.6017559024980681,0.49934984324560006,0.4177303311023195,0.4442475637624135,0.6009668213240031,0.5068276282392894,0.3100380916401573,0.36127768965268814,0.22310690727685767,0.6669274357623127,0.33907119862659485,0.6573728745245493,0.8910591785631117,0.5140747054438783,0.4665346777918309,0.6260265556989246,0.5283313025023944,0.7489945915950553,0.48403981146408626,0.6103269810604246,0.29191666646128667,0.3330885087420121,0.17799313233328462,0.45653622042748765,0.5915693638560775,0.3175115573684053,0.5634697849771761,0.5771971945273524,0.4627381851156347,0.5589113135723807,0.4762333291135157,0.47409054535705764,0.45354588946639396,0.6976493556032057,0.4171212131689437,0.5278476326685446,0.3980610655151846,0.5656219846321555,0.28785493727219036,0.2799881677494849,0.2659634232920487,0.7159792810142127,0.39069595351280384,0.5096587030581272,0.357941245962869,0.8276215325120075,0.2274093892162279,0.2586392003415927,0.38064570648599005,0.7561314128646526,0.7353259847436426,0.6476069420102801,0.4113938648998179,0.674484900476525,0.623628965726688,0.5216978409303845,0.4123784351929949
C3N-00514,0.8504265324062033,0.3211645544745103,0.5322193109995936,0.6036513127416345,0.541031143898115,0.6415293830131645,0.6345381708260511,0.7630978958985484,0.4466015063333586,0.5030254169081338,0.0,0.43064266293687403,0.279884221760355,0.4854908415358157,0.5570600534091987,0.2958901747174245,0.9611725183105726,0.3199159780860725,0.6256581664725811,0.3479196507322424,0.6970609659011267,0.20404064477521278,0.42147327519830924,0.6863998681288699,0.4492038639815874,0.30256678276949955,0.37730317065858543,0.5179632213885377,0.5052437327505057,0.47341561442208047,0.3846927017925381,0.2843409599618143,0.3946506360975537,0.5620830907014494,0.1827197189364531,0.4680383560160992,0.3127428840556661,0.3380910076913999,0.1889324079753365,0.6471843560439421,0.4080244535246571,0.8309811717301265,0.3429717929378122,0.24559614706528965,0.5038134637835299,0.5275889922864803,0.44786537402088555,0.3142304475920916,0.3271266875531964,0.25324052030677713,0.5229714782179133,0.4352376867402885,0.21479561641215206,0.2960316209903091,0.24174594241015157,0.5208877874310005,0.569587065034515,0.3700942896808459,0.5992085953280455,0.29176545161463885,0.6503287920794527,0.5086978825176551,0.505443988453159,0.27247671074288604,0.35073198179107123,0.36426108641862065,0.4244172249107834,0.6163220819582751,0.3473189730989148,0.5927062640606486,0.3185749260879085,0.4167901180865119,0.2990120402791483,0.8220018008916177,0.4226881358114536,0.5685868141675314,0.646845492606392,0.8115248927064913,0.47624036466708297,0.8306527180239804,0.4350960270379982,0.5287077623895513,0.628417546518218,0.34164627655502233,0.34469492155525217,0.660979109412839,0.6166824102977557,0.6123258261443745,0.3024431431015646,0.10484594227432709,0.18627369107051095,0.5936787630873983,0.5219446058911306,0.7175183288144247,0.48678791109355757,0.46789866457983464,0.48343889092758374,0.8110624093712016,0.4598848169337675,0.5281617993677106,0.2146362603632479,0.17393180340327596,0.34606694943014915,0.47578813476550685,0.9325538795745505,0.3243961066601706,0.3125121454370401,0.22075540559805518,0.6788623433209526,0.3630802353599769,0.2605325648454979,0.49544558000657446,0.5459651612525498,0.36733043034573143,0.45906723305321506,0.4626074390129862,0.5323632706000705,0.4211928944404377,0.7098413805839856,0.32277723300352434,0.2569351488836613,0.49621856390032093,0.281294595795444,0.34785527023795915,1.0,0.5640057860376011,0.622973917620584,0.46765007289056904,0.5858614154798509,0.5488697096123545,0.2768024311804318,0.3564879957698448,0.4568682993663309,0.5055124431361122,0.5968918695387586,0.08738525585866252,0.6019953894450651,0.30434449689060816,0.5349183585948438,0.4599072824184347,0.08958324056034783,0.7121726983794066,0.38370663500229174,0.8947176604691869,0.937115488232422,0.3557877286791964,0.4452885566977489,0.4214614945140731,0.6927531292618738,0.32710439529962176,0.35459842475678727,0.6931038433525725,0.45022206794642017,0.7124455402647456,0.6591760249614396,0.3121666457815824,0.5665616805111817,0.4867052989482801,0.7670562807634091,0.16050884135853138,0.4920391236082349,0.7347019002153914,0.44597135347344263,0.3971986374365759,0.689777475971173,0.3720743559791799,0.5568331203506158,0.56623897617113,0.42267881672780483,0.6828533504140104,0.1701712767769763,0.5519393973387903,0.49287118711890043,0.5984430975868023,0.554959135076782,0.3479597127182519,0.780324551046121,0.6238406347002998,0.7254928453876595,0.4876835843015215,0.8235539588775467,0.10974969823367609,0.5319828449182218,0.7841332123632228,0.7742026436060314,0.26865368441227666,0.6023157244683937,0.5677918972824578,0.5066527656125999,0.565808643867884,0.5567661363455372,0.6034118855433128,0.4282773595169971,0.792346089614254,0.4321716411503074,0.5152535244044447,0.7218450058771264,0.4859736078135981,0.3134741570866235,0.6993302933231735,0.27489440930782205,0.3891696979512069,0.4259225215572613,0.4168875555159044,0.4653326795782937,0.5225686985152151,0.8304536955689912,0.007781712233050797,0.2715768611755438,0.6586222217376463,0.5625721442494296,0.5977039670231576,0.4734706390439847,0.8063622243002904,0.4618879538932603,0.15656019469232874,0.3303749552611599
C3N-02573,0.44179456901982306,0.9888298648545515,0.816846295595731,0.5236561960478561,0.5622645969008939,0.592198128629458,0.6780223650471058,0.5412240807542261,0.5031645358924131,0.9251229316973806,0.6400955897281282,0.82340102638892,0.5296213322071051,0.42762088766235173,0.0,0.5706853707289063,0.6457881087019981,0.1869033931513684,0.5509029548569746,0.049600343151814386,0.44147528535036074,0.6866790555211502,0.7350531149787205,0.6211070666703762,0.7064268637705169,0.5829608905054613,0.45682434402499084,0.16252681606405872,0.5616667164410369,0.6843815339745962,0.5431073836401978,0.5064021024169634,0.6651291084084701,0.43350753452351753,0.5432112718088842,0.5195319915433609,0.0,0.5749968634929488,0.6372017360602653,0.6904951147164269,0.6691995157562864,0.5634395499509566,0.8273759295612004,0.5279907258220322,0.5132840646881185,0.46871410492046195,0.5936114340390191,0.31066221001408145,0.6328542915967503,0.303403421995041,0.3967544889470247,0.6694554635061714,0.19046670298117796,0.35179030152379553,0.12960239487786573,0.4408479030863832,0.0,0.23061382755064708,0.6312673652027136,0.41877700398591955,0.4636361409809009,0.34547847972439527,0.12974779597284858,0.5092500702491272,0.6379310852518536,0.5282007377603897,0.4723976142529409,0.7498906341436236,0.0,0.657633893464272,0.5296158537992657,0.5487452341499797,0.6801359008479562,0.38041206426244134,0.2867377808121674,0.5908905343876238,0.6751237824673169,0.4304622627526937,0.2997696968938506,0.7962316020213578,0.23482497568476823,0.47651472860487587,0.7959988185742759,0.5877174181457958,0.5042671754468167,0.5274705652556797,0.37509823775891604,0.22230711242122325,0.39468852629097206,0.332173272847335,0.36189516856438075,0.35832855599818103,0.26925682647303795,0.9131232406940857,0.28934639354997493,0.7156077570485273,0.458257994356277,0.0,0.3047675160338379,0.5393514358286424,0.26260407637865946,0.5017240641374867,0.6965688849364193,0.1860163340213994,0.7399505039608902,0.2028075520816266,0.5603392953276796,0.3308956116373061,0.408352928924959,0.41197821076305985,0.5039832448410877,0.4303157514928344,0.5428464701284703,0.3139565979795318,0.3871508429465802,0.22760575483916412,0.4312752061658003,0.3460189226512398,0.7583553795732998,0.3255222453083171,0.5339290747525904,0.5506139617803214,0.3267028754887651,0.6098856564726098,0.5764037014135113,0.505695450292869,0.785566647407439,0.4740915940671959,0.7493671444423349,0.5611678964323445,0.532632855842671,0.7469457636628634,0.13440458630347507,0.0,0.1597782377037582,0.3607652602295639,0.4654909841380377,0.544593818498063,0.46327060654373753,0.6189952981782731,0.2445099441139149,0.5245191860430252,0.3375340634848776,0.5341250431913984,0.6735074063957285,0.12102160129848727,0.14410588924110712,0.27376033360864405,0.7331133765025193,0.4184596460472747,0.5695106636400489,0.5066822376097768,0.72347564633424,0.5339647502937606,0.35997730056768873,0.5195302551590046,0.6552933443158864,0.5836758724324511,0.7786430210703656,0.17447121047440461,0.469588145615635,0.5229466195492023,0.5598874605860118,0.6028282931864037,0.7332227866221208,0.45483095932414486,0.3455733271481698,0.48451745563871995,0.13547798528652777,0.6724963216206099,0.27062899887166836,0.7063008398587787,0.6190474796274841,0.69741391286178,0.38177665889146084,0.26955825766813746,0.7490380293103769,0.5072018116727977,0.49899904734304457,0.5847843071363226,0.4514367887057489,0.32469319131491936,0.5720943981515134,0.8013681599549454,0.8101043193476407,0.28717034162259303,0.5014157487155089,0.7162769311545816,0.5524280426990167,0.73745099786378,0.49950433122785753,0.450624365043522,0.3032153204662862,0.6439704903394468,0.24876976385520777,0.5408935451236356,0.3114018023768921,0.8941799548238603,0.1319490583849645,0.5064603315508425,0.3448581835673732,0.6438245114745227,0.38889928712759314,0.57412704669051,0.45305337802071177,0.5035175622217869,0.7260571816646895,0.4629948478770558,0.2952210644752018,0.9582747530341233,0.5657353137947361,0.6345222340521932,0.7227833954285776,1.0,0.9057349569340758,0.3807167470789228,0.44156072268457436
C3L-00102,0.7342785114411488,0.33017516426824756,0.7662120648076964,0.47728734716735666,0.477970158953811,0.5138276611740844,0.712813150623159,0.4033792920958259,0.41612100902559845,0.1988502203207858,0.4741510386449779,0.5066322351900352,0.39424493738973254,0.28823952901315586,0.9304614169241674,0.3223822635274445,0.7262376838243707,0.41651738930021764,0.3927958668263951,0.6978981622921943,0.6146340117956193,0.2732856829964332,0.5131772900953209,0.5046281589072379,0.45770414363316547,0.4210388539645429,0.2634224133119254,0.3645760888950207,0.9999999999999982,0.5199132568839673,0.2624114089466758,0.29170310167184255,0.5581841827699314,0.19376156793736143,0.36007928677897993,0.38207287499684117,0.27709922594802805,0.6443868485955235,0.3454685747987032,0.39143456249760433,0.7457538852643211,0.6632334395579225,0.4572562911785094,1.0000000000000004,0.37405421782905535,0.4899393827869982,0.3015627472498501,0.5812364759399014,0.38684349044309485,0.23574619654887208,0.44843133844424443,0.5074742687748159,0.4466590460351334,0.4176046025113571,0.24147848182292897,0.6938876015519186,0.8014833605950891,0.36588188699125146,0.5022827699812638,0.18122187195515238,0.6713475078753834,0.45960231144833585,0.4963188806031784,0.3238219954052184,0.29958602973831105,0.7718344795235481,0.8274610066992913,0.3395581840113735,0.5574635580071536,0.5917994800089552,0.518070641962888,0.43948308187392726,0.43923536245187655,0.37464188441375423,0.6991090386661085,0.5969571975358736,0.6246707417224666,0.6427292205505273,0.6134588076857508,0.5491973551289284,0.35478335474336475,0.3543791152609792,0.8633748707187809,0.25684094342404595,0.5766976338834233,0.5976089992014728,0.5739767754179521,0.5179577302147216,0.279041615326479,0.24688436109847345,0.31203487881317926,0.5746774009205691,0.6517344352533474,0.6223506136336443,0.5021667300351673,0.4208397604329406,0.6775470726152903,0.834701896665905,1.0000000000000009,0.5968725270680206,0.643164106106985,0.3594759088159334,0.6083274125503833,0.02720004159805889,0.8480797930356632,0.48521527770227024,0.23075868055449789,0.2935343738663825,0.5224008641391205,0.41850334838892067,0.1910630249649259,0.6337561495093738,0.34812691342792235,0.3793444242145956,0.4828373507236332,0.23045169192336878,0.5669190325295155,0.21664054624461215,0.5283501310233083,0.5381682146845925,0.3673083963710013,0.5134381958719203,0.37373308610839473,0.4957265567859235,0.5643948956419038,0.7187118114665871,0.6681842161015403,0.5193268289054398,0.5100421253840839,0.5133317912781408,0.05838163008678876,0.519929816089169,0.5919793624488818,0.588924367018933,0.2182718523835483,0.39621827220600725,0.5283943924074119,0.13393191281355765,0.512836290853091,0.48422939032646184,0.3407014364300167,0.5172906684910075,0.46140598505445585,0.5410420276402483,0.531647486710014,0.6928696076014056,0.4115982967016887,0.6185699829807465,0.6069922199458944,0.40221393793363536,0.5326518271920797,0.6667368040879644,0.6157836215572452,0.09806387199767563,0.3498581393731435,0.6229170757569094,0.46359792363399777,0.551023962501402,0.7433307772820701,0.16321743858464544,0.3158592464464576,0.25342751296448895,0.41093650248945224,0.6508059398031172,0.5340997121179516,0.46099923284807787,0.5091578852442922,0.48536199827149495,0.43291775179121395,0.5973597100232837,0.32127459921875356,0.4083585755344874,0.7746336344119045,0.660194652283316,0.5477465310596159,0.33740303672320593,0.0,0.5190179016664107,0.3784809766264665,0.7207675631757251,0.43538808255726025,0.02778956159376378,0.1329561297298909,0.5213513619956842,0.44504176239678017,0.4372221423748641,0.48416144680786033,0.5431255471184908,0.20867827134380867,0.5847973220280345,0.36604658225826014,0.3280215539049216,0.2861129996389167,0.7131876765011942,0.34929433675757693,0.6305869994399096,0.3861691241154812,0.6499164961523523,0.6539881089960367,0.4432192676165574,0.37351742260723597,0.7881288371715929,0.3262189615002846,0.3030653368727325,0.3108765031339278,0.6677919303783932,0.651253671804831,0.24957169319894668,0.5495367306140588,0.41177827941608847,0.7280739340207418,0.7994104828866782,0.62031742676775,0.6256598069427,0.3370043807143439,0.24824144491999434,0.6287523163261497
C3L-00622,0.4877503292594909,0.7670378094194916,0.6038822586000201,0.3029753123147483,0.27968569836308177,0.9007606008788356,0.4811704952592919,0.35270398069842557,0.5241502425256002,0.5462073449636975,0.739047768662001,0.39455079786730174,0.31787879620732973,0.47401894999505956,0.3938623571809501,0.3665474649834124,0.6679499014440342,0.4414773204776985,0.6282146758668556,0.4139833776590507,0.589829369221988,0.8314365462606439,0.5796845727982323,0.6808289063261839,0.42202511894906536,0.4153983509480472,0.40403799268370477,0.2668496775477607,0.6721313140860463,0.4663454541042089,0.5494108013683174,0.5498867901222058,0.5748381557195703,0.593250327167052,0.7969162683384221,0.3719593640631169,0.09391490889585796,0.33889163732182404,0.5316088394237326,0.6264848466939306,0.454506443339902,0.5828121692194195,0.6061877995812912,0.696533194699207,0.39377008399810975,0.5064600902982352,0.4200960696935745,0.39774647826084397,0.5708684172332106,0.19346345051943814,0.5423966452341267,0.5969044616756793,0.4759199745580638,0.6713452546567353,0.09118063871422599,0.6969516389004502,0.5836124073868731,0.5810273843581641,0.6228903164661848,0.1594780643357776,0.5453109671719307,0.29031259882148674,0.3431497882674268,0.35489732316061406,0.5142385718763052,0.6501707814137063,0.554647845109427,0.4640056277417539,0.49533838433378996,0.7804495787210435,0.7433167588214893,0.42968136843294324,0.4292481609340637,0.45946401533972203,0.7055566796205817,0.610430651274914,0.37488647903150074,0.6740752832489632,0.45250687958527536,0.8432996452769892,0.5625030118473529,0.31855085109900827,0.9059440382248045,0.25758291592809357,0.46662849562128983,0.43419382430113984,0.5596898107612578,0.5849042122282064,0.3387641489154358,0.36717177950744784,0.5597907521843624,0.5505599209452914,0.6324530782102986,0.6499327788629436,0.50579851936212,0.5655775606878812,0.32752353277825463,0.43351388959028725,0.46170544946969816,0.41201523209805835,0.8795682192245646,0.5120274689341837,0.4840489022807164,0.47423102214357726,0.9753947507916036,0.390632208872173,0.43065426608400514,0.2523918642426608,0.5897930163788381,0.41358441348386066,0.4755843031285245,0.1265422922281756,0.4637386635693712,0.34561298094235227,0.4232242151629251,0.36753257093618075,0.4179082590135561,0.20920470400862,0.7280845350162641,0.3737380422236889,0.409795768545548,0.4861165967286212,0.44739648081275796,0.46503010595774796,0.3390692981495711,0.3840599088478882,0.5555677151715717,0.3688890631708466,0.7503023025036395,0.5574362030793871,0.22869991440742155,0.6737766613136666,0.5219943373156823,0.36692677033608145,0.40889230459609394,0.3423027447963589,0.505162459104664,0.4650459473622748,0.5087262526953076,0.30333210064629057,0.39406364778299263,0.49024653219233016,0.43916166662848966,0.5237416198907603,0.23470713103058927,0.3282613380966417,0.5899771271153114,0.5689295358865891,0.839854814798489,0.5903899827232664,0.4727102927089959,0.8364903813685363,0.5990259611996827,0.3721834615453332,0.6568318023844384,0.46163351247654205,0.7785647281747536,0.41707745466769897,0.6875650093274661,0.2573515787564382,0.7341635566822937,0.4389224228021895,0.5189243000773338,0.6170367612152781,0.0,0.48898246987446825,0.5585449259051991,0.5747183634097563,0.3021894098684843,0.7209901234016769,0.2956025295549374,0.24504906971011486,0.4735909727707539,0.4692191128286858,0.5034204550171033,0.7319933702724644,0.44390925384465163,0.5863955610645766,0.5776221458585091,0.534845373266073,0.4023948451472208,0.4097629220921828,0.5094699842208712,0.5197430708799811,0.49463878536311157,0.38970040947601703,0.5253791801309653,0.6797529661543038,0.43783109834410716,0.7269478237499687,0.39083793078296836,0.5736420533917723,0.4409938111272034,0.7382859511555733,0.39732099807204424,0.5669651128596929,0.49186073914302675,0.4170890374289389,0.1415833771385704,0.354897011878176,0.3986530672057098,0.4710862298518288,0.5715287434769039,0.35767367111422743,0.6316168444832546,0.4160480324253948,0.12145822937340522,0.5703443402571331,0.42494058971514903,0.500969128526803,0.5806706568859958,0.5026719146528249,0.3218716635576335,0.7372620799038536,0.4464999514019041,0.25573016531183157,0.3900507609148427
C3L-03388,0.14388234092023922,0.6844180018425661,0.4114117982033356,0.14249135925684797,0.6241970381820838,0.3936765058227474,0.6727488862729096,0.8836491561089286,0.3609437077053066,0.7764709189527714,0.6470230288926313,0.5109238763742701,0.3876742161038589,1.0,0.24410623233284312,0.3784058491207176,0.5710968811411021,0.2520459138051656,0.5981585411756623,0.2729314770091307,0.1529825700752241,0.4388945297327247,0.7349396154838166,0.8028724345660336,0.6560341128015885,0.6543317904136927,0.2805419007125707,0.8036339685531395,0.373873443322017,0.7413152248895809,0.08752550488774347,0.7504929091869732,0.8658374628746177,0.011543028897449403,1.0,0.5456183393569756,0.45848310706118056,0.8325682347777743,0.8244295150802836,0.5970436017821257,0.6051679877203853,0.7245050250478737,0.7172581191672314,0.0,0.4934901156345397,0.4688078814699317,0.3856675824796696,0.4232075227554457,0.10379300106943035,0.37499174591293105,0.39420309319699687,0.5401814926642423,0.7854780200738407,0.17645508171261426,0.38405515677641233,0.48965456131003027,0.7500126254485942,0.27667362268995044,0.6962880199629744,0.34024801475893796,0.41566063621849914,0.2969093997563661,0.40128488681867935,0.20139905418735893,0.4496192592579433,0.5396192112551148,0.7017876019609268,0.19983547500408072,0.33456068982185627,0.7171489718771547,0.5888256704690065,0.5380948607701619,0.3942634127378817,0.06037437052022643,0.46566830179390983,0.5572776109463167,0.5986273450247097,0.46622948957122556,0.6341950844754614,0.5525630796210876,0.43928951893440704,0.6852243368559634,0.5400251305662422,0.490462014038342,0.8361395445432755,0.5629030236320816,0.6098188862869964,0.4920836498433552,0.7957884250890181,0.6967788700812818,0.09049968199560965,0.7806797988555605,0.3917684848796874,0.6801010358138466,0.4724583650634546,0.7603339953024815,0.597213415025017,0.43120865551755827,0.0,0.8641550452347886,0.3391226185916185,0.7169763344475699,0.564697784457838,0.8341720651659124,0.5791105630109126,0.32247357761191253,0.7599668469425005,0.2646924711442509,0.48882638831375225,0.6387034847975848,0.20697103860530675,0.35733167128065624,0.47744717126009917,0.26759190797950083,0.6201373227579463,0.37580356726746267,0.7537547001196767,0.1921799471767507,0.56804942358605,0.48150970844133667,0.3463235778647018,0.1741021960055349,0.5082186058019449,0.0,0.21300479907202785,0.7903269575138943,0.5365300864959526,0.3131118437940321,0.6969267899916023,0.7020899493400243,0.3072322183683127,0.6000982285831902,0.018794631641839032,0.02890890704098581,0.42085836917834385,0.624294448975566,0.6339384030628707,0.5439525295348373,0.3140123674667308,1.0,0.24289788754011354,0.047313046947341064,0.3496902596357421,0.8388137472472863,0.4946051165312966,0.48083503412916606,0.12601748103986488,0.5201906027582517,0.9907890367578709,0.6879801576665852,0.9077564774448952,0.35816068520742483,0.4058626068445861,0.42087785334074646,0.2121199400532916,0.1173476194166323,0.6923017226897414,1.0,0.8017732013164505,0.5781227792300783,0.6649859443209198,0.9046466972177427,0.7138703328561284,0.48815625856799016,0.6872263410836723,0.5039755627935456,0.5063916084355942,0.6540577165143446,0.2940350222763275,0.5045453969059448,0.2180088515683316,0.7392390214477569,0.7295507248313062,0.7592383685846755,0.4780854425416088,0.2921841641958096,0.9193803277307033,0.6246437364461048,0.5440984827834825,0.4266077981055787,0.5202888498077769,0.8459472548126836,0.4813150757207971,0.6488050678454886,0.6103534619413509,0.26820221879414685,0.44138614867000214,0.5185813488461282,0.34209689303983737,0.802190268423967,0.22365798609947873,0.7835964016059904,0.3963741643388943,0.7131887571535973,0.5036899932107461,0.43206409084143615,0.43191202861748224,0.45492211799733795,0.23017716732249616,0.3851878290873021,0.6715409562025352,0.4400705861667644,0.6506458001785269,0.7856370672484374,0.6806822018047538,0.45513176214343076,0.5124073397277531,0.6006043515145798,0.23780347758912956,0.7076178510768667,0.27568203200812036,0.5179025741339993,0.7100781424356057,0.8185936886440928,0.43340898993074717,0.31503596521710087,0.3570399778085793
C3N-03007,0.4473354924493691,0.8604576929277243,0.6295057895617049,0.49232422253066943,0.5198898039074553,0.24273488515747133,0.4877609820645965,0.5410524250001263,0.5842708992210461,0.7434444912467839,0.32232548127371174,0.7308817872637388,0.3528754381883683,0.5235593091191202,0.20831441913621873,0.2695907682647629,0.7136330045324542,0.49451509217385237,0.6870336088892888,0.035905920940551894,0.4512544416451796,0.42198188284993776,0.8546798357025587,0.7303507994882033,0.59896176487646,0.3281185165989946,0.4115386290269534,0.36895314413117575,0.4864891580858224,0.5284011906967905,0.3624473445609624,0.6084364383278649,0.6283558139571106,0.17647836998855126,0.5880237650078737,0.5893610114524703,0.43385936507060663,0.4861266550155161,0.4948216851388425,0.8106836126954811,0.6980324103559745,0.5935670771735975,0.4318287581529989,0.3754371631662434,0.4808537336478196,0.4404266073427472,0.5182145338727189,0.33305465401759093,0.12090746547887221,0.23446030231429837,0.458553193218183,0.7402238370620022,0.5238190893017443,0.6684706422698277,0.10746871824028936,0.5427416754269521,0.5461086173690095,0.25872389074962987,0.5628299989854533,0.3887713120341818,0.57266444023643,0.5321776740345037,0.058446916927472614,0.24117751750683425,0.7177393986409193,0.3435513304218336,0.34809314073905995,0.3311639207755075,0.3632594884079392,0.8527555421277064,0.2691753809660895,0.5094432501087152,0.32916772075222056,0.5436438793488114,0.1025195113377837,0.47073690982323235,0.5489128677424535,0.5365522696492411,0.6213466444379723,0.6986600483367589,0.168921799005199,0.7723715659926285,0.7406528820260885,0.4677656949611624,0.5472797380420715,0.8258801343919906,0.5762248477468948,0.5385785960971532,0.4757792970081631,0.21199396757527467,0.4453494214055169,0.4350646355388186,0.6362094797203373,0.7175131067126994,0.42071845883816117,0.8188747263523233,0.6132976902190599,0.6572878180549679,0.25775319309624045,0.6480384281270499,0.46385811865028614,0.16648364524860604,0.1591971078311767,0.513142114278077,0.7637531421373804,0.41669505019356734,0.38887111251550976,0.5170146458000389,0.6466772825525986,0.44276134471176576,0.4947395919029951,0.6056645391522508,0.4620801664277856,0.392576247641264,0.40777870051186405,0.5206248622280558,0.6425427683768348,0.3622207976016121,0.7157526723834913,0.3946553474694916,0.5373000340050051,0.7999924492152282,0.18952450810134458,0.6475976629087761,0.568119008184361,0.6269389454304886,0.4672415846221387,0.39423610023665745,0.8202332844535096,0.6204588911652387,0.41699225269643847,0.3110513756092792,0.33563403593532826,0.7050446774242838,0.5061777409955575,0.1221379823473292,0.4135337695797272,0.463012485957929,0.7316269783709011,0.4561454998845669,0.28356778243121283,0.5308291696099205,0.6004774981879866,0.6812953022768689,0.9390725420775219,0.17581448297785407,0.7147497601297541,0.4024846786843401,0.733026988644756,0.06954080499466997,0.273018296720398,0.6694134874115925,0.42676620281950406,0.5965199984247054,0.8379552934873118,0.1646310093429495,0.8264796257115243,0.492685248408014,0.7797766029606867,0.22706843653285347,0.4869169580329764,0.6391491292795024,0.4590796828827699,0.7193842872121685,0.8442849010241753,0.3271494624038134,0.6003602326840749,0.29803672541301474,0.15120137425160962,0.7432664037039522,0.382229394686199,0.6494345832439503,0.650451401825586,0.6698131656856141,0.06207983473466783,0.45852722723800454,0.8557650473544953,0.7785905838097937,0.6150518600280641,0.6985260003260105,0.48441107389634297,0.3359434520689373,0.9070173627651634,0.8848582448898412,0.795459750685815,0.13086714393748355,0.31540887691332387,0.5355027421390055,0.290571310341754,0.7460340602029998,0.7936703416020556,0.44688709509348534,0.5094179632630365,0.5195224370816689,0.2210523402957678,0.6177626896177184,0.644085224643737,0.6304812383916758,0.42952915508108314,0.28230231380457305,0.404745639902635,0.49552196962530637,0.3318845123734242,0.5506982998659264,0.576969325356115,0.5707810028134581,0.7652137013386513,0.2234491919725894,0.09691384419014248,0.7822990598743953,0.7155468466555668,0.6751127630256111,0.6065226915732183,0.9097698722374439,0.8430700766785861,0.2994499994493811,0.3738017415809196
C3L-03356,0.9017732105077645,0.5638052864336238,0.6451468570349874,0.2780245777356214,0.8024392347324145,0.46072981702629434,0.7601368660685068,0.5050224987434557,0.11536420036663486,0.5612712972429001,0.2646608341329699,0.25545203249633897,0.22584533832400844,0.42785464752972047,0.034026682176271805,0.44017405985263025,0.6300599545886154,0.4941614277496953,0.3512854304885007,0.3611818202127868,0.8238884002709064,0.46912939911330476,0.3295104553412118,0.5006073562444371,0.5814986204552497,0.4918155827178836,0.44996566213490397,0.5977728752285252,0.40941661844905397,0.3697388153906527,0.3564446695029062,0.38137213476443144,0.5630542504048908,0.3003877496517333,0.33721960455528244,0.6687474874871997,0.7332344037985372,0.283029252557931,0.7022369335180754,0.7730309308484475,0.4509714558348996,0.7791751801955868,0.535011636329596,0.5736668905903106,0.5832493568768555,0.7165522366428512,0.5903480350576906,0.3689365256333659,0.5877943468738067,0.3095943736180935,0.37015513427971936,0.7054512948014544,0.3132199948161727,0.5251286522279557,0.16558764615856347,0.5752548668617559,0.7807833995450171,0.28905301771758074,0.6224960683859955,0.31817412818448787,0.5179298281052542,0.5381251524088597,0.33629239695268787,0.6150356359489884,0.21250730646507066,0.41667710476038167,0.5252517588211258,0.2325229611154711,0.41205477163670956,0.5677670282664842,0.2898175924588777,0.7058770170434219,0.466161970738467,0.3441064234719011,0.44071386320440276,0.7271606495679723,0.8453134229903014,0.7964951117227743,0.4669948361956724,0.6166133240395588,0.6012026704307356,0.35597839068397263,0.5723686651361781,0.3976387005653379,0.620268860101941,0.4990804333067089,0.41173993709527146,0.3864679095193537,0.37813078851231197,0.6231116214669399,0.1935203591832675,0.38924168064251496,0.6255966679024532,0.9779205300881646,0.47271021159538584,0.4897512320849948,0.585383980209162,0.5050085963835507,0.3686278941183385,0.48719874076171443,0.371212056574846,0.14144631305813693,0.6001948972136182,0.43612653842309257,0.7900568637428442,0.3769208916036426,0.41349805763573144,0.4609468561768999,0.7288993939294404,0.3617546935205809,0.26024330699978293,0.35203009336113666,0.44713291913036457,0.3236132743228701,0.5671472987630111,0.33673689915442395,0.436869940496603,0.3912665423135486,0.590808362963557,0.6003879860548196,0.4634340227805591,0.7059083527430268,0.14788623383173238,0.3004682644850991,0.8071883260707828,0.4581800403320031,0.5859821719240141,0.23991051230544702,0.6357005248188425,0.5268435853853148,0.4425995553440174,0.2770254520980018,0.2106766249506471,0.5794162638535711,0.061732757999244825,0.17479580312358234,0.6072680131609616,0.4677355340557501,0.87403020440372,0.8473781164288994,0.23357229785770528,0.513706293045181,0.27683145861776737,0.6838532306072693,0.49557470295921036,0.264031633441034,0.2545927682104754,0.5270687463130859,0.7519679491251843,0.6169043285626676,0.4856145801944187,0.7510612635213292,0.5750934998683803,0.4660887774440443,0.6988895863061231,0.2950032466348933,0.6566454682256939,0.6134306038520219,1.0,0.580370746447386,0.29315444379948374,0.5028334149113292,0.34856699237909794,0.5162634139529683,0.7246857485958405,0.5519087751944518,0.6169134228564026,0.6242246780366703,0.3318324913059918,1.0,0.10439186700767067,0.569312218169495,0.5012559501954281,0.609013029560824,0.6335078267697654,0.36034086237707896,0.47682811192909824,0.65684698968247,0.5178336217029411,0.49545607933096925,0.8524307074362376,0.022436512957783705,0.4911046531271843,0.6965758515791425,0.6053494724488289,0.292109746902117,0.18409041170519203,0.5017233693418675,0.6804629192377227,0.6393587343904983,0.8652630866444078,0.3294652895904644,0.3952239895753671,0.5031846330951062,0.36468598017628295,0.6365686639976111,0.4176100566035963,0.42495360139438176,0.14337328730177523,0.5464331671582574,0.3340063366070387,0.6484981677935888,0.2889554564037127,0.37872255965117496,0.402373684850986,0.36229266088041356,0.4413894834431886,0.1830399379919445,0.3850737754238178,0.925705975533015,0.6398001983323454,0.6758548254700676,0.4292193962595485,0.5072418859914123,0.6040821672771557,0.18794411236073927,0.6667318268621933
C3L-01453,0.8015454325342706,0.5443798142714478,0.6520138589962059,0.6570557776807853,0.5740131651178455,0.3686256648515345,0.535373647354394,0.5066278331798681,0.3955169581216005,0.6551607472619985,0.7525280009977973,0.36056683269274714,0.3238816612643465,0.4461968682031898,0.6488391352070835,0.20243082866215545,0.8550874465715204,0.5154821846727771,0.40275483553414126,0.859408321302011,0.9389450780708906,0.46660523532868137,0.7386148600335272,0.531098610254837,0.6839229914718352,0.4266644107138511,0.3999853718938198,0.4311006605145842,0.30671965738498486,0.4157256146847388,0.31249083030858316,0.2345532732880189,0.4317167969243645,0.40398226448415997,0.6607838218082724,0.4485551059046804,0.3724341523988457,0.11892454014772369,0.2785698459322772,0.7030449587536758,0.38114767734659694,0.29508434913351955,0.27880603109108604,0.40558002952405214,0.4642575208061004,0.659898747880499,0.33489034957125696,0.158053183291333,0.2663123256082969,0.1194591708741779,0.5959500083418918,0.49768299334224686,0.2613596834106868,0.29872602369215784,0.3790573786074507,0.45513366703748126,0.6008650241495044,0.3284878057090954,0.5806520048455273,0.29119223548058315,0.47837146931562735,0.46672886224087407,0.143448127580049,0.5581791207888784,0.26010229702002263,0.6653653049767954,0.5845413299636757,0.43014628586207415,0.5383474501444692,0.9170401955089638,0.56102635657445,0.617318346262941,0.42474556704559774,0.7961022729535281,0.38334081788603136,0.5995917232535994,0.49102910075339423,0.6954002359062033,0.5144975869401343,0.2134913538264307,0.3835789486926551,0.3731350898966568,0.5396742936394379,0.01123946922076513,0.5261592724847155,0.24120201810975672,0.3838705389032331,0.6386883428246541,0.43291745807538184,0.5873041665828715,0.0,0.6180623580267675,0.8146264684281181,0.6615872235602449,0.422626073400032,0.8323413967271556,0.5358912218176535,0.6407534387220828,0.30378598442162374,0.6048802332264245,0.47199217108954095,0.47845907946533384,0.46556904169661184,0.35830386774194345,0.7640294248161617,0.48989377260525657,0.21483316262223795,0.4739474724948103,0.5375665281408786,0.3241929539837862,0.195601660029471,0.2858872918571169,0.24874550888210223,0.37479465378616794,0.48428394101985184,0.4676440162887072,0.34844279460621763,0.5069954036235664,0.6357039865398999,0.6675013812411414,0.2121583722667406,0.6521725268690339,0.25682074455767534,0.3694096869001573,0.7004624594455713,0.49949932567300337,0.5817003059105144,0.6063407254651203,0.8836556678431187,0.507838416484983,0.23255970471399934,0.32103904166685915,0.3855581995868569,0.22387034059030775,0.01864377012444507,0.1093552924587815,0.39606341814390333,0.4998603744409147,0.5219425214279028,0.33719778657161115,0.3173476316669248,0.4556967312313809,0.5053762737877303,0.6186863151306987,0.5471646467845694,0.49422278425365995,0.5431799089340483,0.2709358011803982,0.6114594945834,0.5049983522140087,0.5019052850612553,0.7325514808975715,0.5405455718853602,0.5088734172345131,0.5783966193626604,0.2957313453712249,0.5435467716748796,0.7149031923817386,0.7975661141883119,0.41250116034867546,0.6576490404703943,0.4300601670815034,0.36884640549448733,0.647438505372131,0.7836553391091918,0.5241818361664521,0.5388729634896112,0.44485560394804224,0.10472316935990911,0.7903978954144346,0.6670290618930856,0.6430454008013857,0.746756899650642,0.9079225352982832,0.6488403842705317,0.4233174849991581,0.8166424828763112,0.7273008397974179,0.4412676373860229,0.5748919827988974,0.26715447810452275,0.16659189525611495,0.3344916805537075,0.45015959622044477,0.5966136013383263,0.22236241180423466,0.4110460158558844,0.4352105519594147,1.0,0.46957731401873204,0.9974301212423953,0.5141319977311554,0.31336364184196697,0.8238294011346596,0.16729796526039475,0.7766386852728964,0.528415526698435,0.7358310524898002,0.31613618408652444,0.4800765635917337,0.26317529990791577,0.29136576214209065,0.21598796847089474,0.5823810112575529,0.4479161441800401,0.5382883290091396,0.8885508601797998,0.1607511641270012,0.05378917483375378,0.8211176128278215,0.6716458603934541,0.6219595408582688,0.5964235611335402,0.513556580263753,0.29901314967501946,0.16910557673481996,0.34984254254611
C3N-01388,0.25276020761242,0.584401173485606,0.18004330858129336,0.33808767271802154,0.7048185742774642,0.31146063983754324,0.47336442621207553,0.5081887609776281,0.5576284979760615,0.4907193588464658,0.643134324358126,0.3251275925513708,0.477802609531949,0.7384223167973634,0.6020438294705066,0.19250409099974064,0.6498682767022128,0.3432090060862727,0.4095810350536855,0.37309363815839625,0.6034688452944081,0.49758043691302056,0.7594970960268004,0.6146146554427787,0.34553037625671834,0.5529959962946354,0.30474974263176335,0.9064311413182544,0.5891690197135393,0.6000215774391133,0.2843903827016945,0.3117002838650693,0.5358644155997201,0.2702082943444779,0.6188624012847823,0.49770074127196473,0.27476906846597515,0.42687357594475017,0.3600885233046496,0.6175419735997991,0.5598595336807044,0.7506992656247036,0.7503023854487698,0.38295713734243675,0.3370939521044747,0.35167637027307563,0.26974698581624423,0.46503925514363864,0.10917930240842466,0.300164966461443,0.5373446731479206,0.8067405888712447,0.4947650393848324,0.24123843256992217,0.22226007492256983,0.6283903760117608,0.735479089838238,0.37430717702084193,0.6608972214128723,0.44984374613019895,0.6418221565402344,0.33630394837715727,0.05802890606613964,0.3521086938803144,0.33974169821761535,0.577368794990953,1.0,0.26794347330992707,0.42438440600069605,0.47322648176735527,0.5086355763596426,0.7088850547138303,0.3943323624506849,0.22763588533529955,0.522657357824146,0.4597452954054493,0.43347441621851956,0.6613125281143644,0.5505946644468853,0.6351034053389206,0.2809316812278837,0.6000779832714009,0.7867334114114577,0.4726219274463981,0.5559126606933162,0.3804654020360232,0.5729743959600686,0.6232062943075825,0.4759733592699682,0.1267302612823471,0.28251625248430656,0.6347830113812751,0.6118386244681542,0.6190158591721904,0.5534299359758386,0.5162411488514138,0.33064588055577815,0.6170261760089861,0.3715900550269584,0.8402347261195011,0.4896433114769234,0.8795418881408956,0.7152600716951527,0.526179325453608,0.7485010163360757,0.3748992856683486,0.4568131575751089,0.30077670756523744,0.46474194117985057,0.4766655081687112,0.20636199526228438,1.0,0.6240729049865603,0.25177010958871016,0.4977638965556963,0.3000403032045451,0.49173814743744515,0.10087559132019663,0.49163951676176065,0.39912598813108247,0.3197172790037861,0.442600400742176,0.5080576098839735,0.4632029774541344,0.39077125226258147,0.23785780218898012,0.8991933583529388,0.3431423714816608,0.7776209199110689,0.516922617944914,0.0637706977723802,0.5872975270872711,0.4173856334627999,0.11225702057929166,0.4348794476353284,0.34058786925706297,0.5507676988416463,0.623142495102539,0.49656934276108444,0.5346560760414683,0.3247665461965479,0.6217216298314039,0.4084094497165669,0.7035004557299835,0.4401701931313866,0.3841565887216518,0.4091859002505682,0.4470162888000626,0.7079793851500717,0.6679397086928143,0.7365961135113253,0.6022012334495255,0.47800371345912396,0.4660371325129198,0.3900171820408538,0.3516909831127055,0.49965297089161353,0.6545559626973017,0.6646646961548281,0.7774788415877332,0.793512289427218,0.545756501003023,0.5547425235683576,0.6474676762723792,0.7475544413303172,0.3053535468940325,0.5594678323768516,0.3653108063752182,0.5572050648738447,0.6917052995187873,0.21490677829587668,0.5502371496160965,0.7377894500745028,0.5799829244369192,0.02585464792127823,0.2896889006662846,0.6263868840208247,0.7209301118116116,0.3753385570397647,0.44845520354436097,0.3105672806868114,0.3112038342980039,0.44115022107060753,0.6272339523529045,0.6424378343443813,0.2084380944811297,0.46209098045084573,0.7234012229658298,0.26844101958494804,0.7246253579755031,0.3647973761368277,0.4884634753794259,0.4216521985210768,0.7000277643594508,0.25403404947972064,0.5373486641908016,0.5792281912681556,0.5858745507951753,1.0000000000000004,0.5862423385772892,0.49657465352161534,0.5913904409584942,0.669095105033005,0.7943677159177742,0.679770536370746,0.4868938425960776,0.7191927791397532,0.5344913253565391,0.5568970109828122,0.7382362183139133,0.5299185130229596,0.7587313543737464,0.4043371994249565,0.803716904102604,0.5516309839251505,0.292683164340227,0.11977901067538355
C3L-02809,0.529670257349423,0.6301072225914339,0.5605803618974541,0.6429883504306613,0.4703243977131297,0.224964879103827,0.5543975241198886,0.6046210251179254,0.4650198149286773,0.7508443339378807,0.7348510409406419,1.0,0.4031275328016264,0.39977567712861095,0.18474001573139986,0.22322866758128512,0.4344932833570301,0.23824621764939025,0.6615616224780521,0.17283471496248737,0.48744365998659944,0.8439513291704301,0.5977638635899396,0.7168473780795388,0.6853084921931796,0.7782035023136711,0.3295933151908592,0.419070287453998,0.4342010884630554,0.4953169033150626,0.3025670552524886,0.714270632315241,0.6309226729173023,0.24511154879824915,0.6294080727705733,0.2473948357984188,0.15997613894029428,0.41701421763012725,0.5937750468087559,0.6359797673356393,0.5913783414870082,0.40660463277631465,0.12046740815156509,0.14889570008098163,0.39086691248421346,0.46539647993204447,0.340454124498514,0.1977571990843714,0.28343581972104204,0.35295415681229514,0.12530179141561337,0.5887208319967563,0.33884539769405286,0.3592259916664027,0.3821512667374929,0.48571774832455006,0.7675469348179114,0.40990965630290566,0.6099513735152602,0.3667029657228369,0.5911630081708665,0.36982424309051964,0.0,0.37304398921535764,0.4858175591938334,0.5809606076115994,0.2755049984764817,0.3492461383545109,0.5426341138615687,0.5373110114206732,0.41536217993609625,0.5106070308550628,0.7395247050108456,0.06859335888825502,0.5669308531719182,0.5341783980833625,0.43151062367123494,0.3396237276133647,0.6124812407356437,0.22907401614306622,0.2187400968826676,0.6824020092952239,0.7883897137527036,0.5119713579836205,0.7101044665595744,0.6701193338525826,0.4668214804541595,0.34289267208475493,0.3675156785711948,0.14270193024575306,0.2700004546656487,0.4491013188848001,0.6253358059261185,0.5964770612148005,0.4874007416257591,0.7040220725351531,0.5343464036286427,0.7287264106359679,0.24925875814242637,0.6467061713755182,0.35006838803779416,0.6292083168737204,0.9299549610020508,0.7614260052874666,0.6597521120308389,0.3478910925834704,0.4195045571839131,0.2752455126219857,0.7650929677594238,0.3706610283494065,0.376604287922774,0.16380104231216297,0.3057680113107484,0.36272381339390947,0.46517377846717345,0.030482784595536216,0.44216487974772534,0.24028212716969577,0.4466651775550661,0.6663637534169737,0.21443512060116632,0.6297946356968112,0.37265986571621745,0.4615984770366133,0.5192236762794487,0.5253872880888402,0.685978567342131,0.7167434826991208,0.7158241238776011,0.5178391912527154,0.274001167671031,0.37513558875286357,0.2946303904281038,0.6811661761535701,0.18253422363359206,0.31713600257289354,0.3759052754816725,0.549126603366136,0.3578613252109193,0.5879352033674117,0.43041725142920484,0.5780151877753514,0.24982609816338375,0.6285700757351371,0.8840955985581402,0.35388057364447967,0.11542508401283591,0.0779467679784247,0.8045748515821209,0.7249471397145406,0.3306216564883968,0.5452072472844769,0.6730045628847883,0.5537057341272913,0.46284769370206646,0.3730528002046274,0.9064746003303199,0.72231232216377,0.8782208989317679,0.5170317847431782,0.5880777118508842,0.5912865159969236,0.5385575375471774,0.6510059795890069,0.7010649889783638,0.6237687819345261,0.4368257722084241,0.453086605361543,0.023475794608772915,0.7590380077769847,0.17218471869649576,0.6322518471321406,1.0000000000000004,0.8534490471781346,0.576410255598887,0.19305982399034605,0.7348575806072155,0.7777822858879091,0.2617897566348688,0.6614529396117543,0.4679375758502644,0.45443609465283963,0.5346942244538795,0.6365991063377603,0.7825809445989726,0.2680322369287875,0.26368981493668286,0.6884845808407096,0.24356260332186963,0.7570990464633134,0.9348929914618829,0.5188823390784698,0.4486656103984856,0.5978866678710961,0.0,0.6454566343009702,0.12319038096696033,0.6361779823046287,0.24778700422915767,0.7893860715889733,0.2365921887158402,0.8907773698225716,0.31501872208196957,0.4650315949316006,0.29070917740394053,0.6231018615691069,0.691525840114454,0.2689146745270694,0.15017912282089352,0.8518402402649325,0.5761491806534558,0.6413595071736777,0.6028377463261769,0.9180918572575578,0.5697700773298351,0.2856355575221876,0.40052044019951083
C3N-03086,0.8305793591278441,0.46387264671264106,0.49428607368960087,0.8384929259132488,0.4991859109348127,0.4905651959175552,0.5384817415191705,0.525609544846203,0.7598755006779925,0.7239064369454269,0.3393849868910035,0.4663479115003666,0.27718068622713155,0.6237677280218872,0.3276510905088337,0.3580116557459263,0.6013002052809728,0.4498019590570266,0.5877188945499174,0.2851321305128369,0.5727554442052956,0.6081927222982548,0.0,0.7390854564713045,0.5233562341582818,0.622564850913573,0.5811886295038207,0.3508955856026361,0.5342134140375201,0.7102265472642166,0.35233967384592546,0.5910495442443713,0.6034683221675756,0.14065260881480413,0.5626306741631124,0.21651835334957958,0.3211316636105046,0.8185217891215348,0.742908135006247,0.04332447463481692,0.751632341795613,0.7329741118869055,0.5832485033295036,0.39227877373383935,0.6142323050773832,0.2474224495527242,0.37346350024823494,0.33411732816058937,0.6548719995238308,0.2963468588186444,0.3673672176772671,0.5441599424440309,0.5665268497420382,0.3669141189560925,0.1101000214884511,0.5722039041328681,0.8012617603352048,0.4603209324396933,0.5758497938862828,0.3917902999542413,0.487732859929368,0.16175565335965558,0.5237822374957357,0.33379107163210264,0.6648108735263634,0.6093837002005955,0.48188408586600673,0.5455225155397958,0.2926405243459982,0.6349101241639339,0.5107263916776166,0.2174010469256018,0.549287735063313,0.5116793816356244,0.44732302977686267,0.5842425506447668,0.36851337655396144,0.5447440030786916,0.35159852509146994,0.8166036840052371,0.3918087344173937,0.6672795723026859,0.5520725444808203,0.3213000561323067,0.8265069733626191,0.752248405410505,0.5653654954451284,0.5231057030484543,0.6637518504379862,0.4479595629952797,0.20592607694406695,0.10168899391730157,0.6142107566718931,0.9383470579998416,0.36994620645726073,0.6798743744087687,0.6327024489320081,0.5609565747997252,0.43901946648597256,0.6229419270831418,0.4821408170651367,0.5081560963400902,0.744632873098678,0.7248943838916428,0.6571342991929443,0.32620651809017076,0.6316095303261342,0.6997855430266497,0.6863170141166393,0.269427748556172,0.4499604838466489,0.2578904576710048,0.47858299951125716,0.41291561189186865,0.30448908389730356,0.2824089035395314,0.6071016725171603,0.294331531314306,0.7446851263670302,0.6510443548345783,0.4841583520327841,0.631429492017233,0.15317934228067465,0.39764124569359716,0.6872549700586745,0.48703146653303264,0.2959229646885806,0.34763885634330105,0.6041305515366098,0.48954022492050697,0.33886619389128825,0.3431650184783668,0.07855967989508628,0.19036512032326414,0.6514853471289861,0.5899178868924464,0.1763209436943498,0.3566587321129102,0.6000060160744312,0.6978285195471479,0.4267428794466621,0.36215175115656617,0.5472472669879931,0.6404632614343093,0.5786198366133384,0.23616976892620656,0.4535535336274279,0.4792863406428918,0.9521381040669539,0.6635753849009189,0.7169699609150797,0.6207751428662291,0.701636400790882,0.6642015568307329,0.6714178188878712,0.3998090976977551,0.7756599961091801,0.6692976580006142,0.7305005312283352,0.4020977190692072,0.5089043392054204,0.6726310700143685,0.5526992713486933,0.5447010322001784,0.6611955322375103,0.4675407985275335,0.4126904829357123,0.6506860028593486,0.1574773526525295,0.6275768612325194,0.290159962335796,0.6902278172015084,0.4044409766408923,0.7134283824130314,0.24369185739169552,0.46627460070720517,0.630752741368628,0.7442968620796728,0.40884722501136395,0.3522938205393604,0.46856168447364155,0.3654982014251491,0.5543088452468297,0.8877786790421407,0.8276516422973863,0.19704270419105097,0.44059033719980434,0.6224017813805869,0.01364407480336638,0.6903321701361449,0.6487246835880427,0.6591233568139909,0.44014324467360666,0.5835855134490586,0.28572330158129056,0.5701233684432925,0.26087575741050983,0.5141745493033696,0.018747625218206387,0.35655719390579854,0.41923120386078594,0.48171366537162097,0.48090154660740936,0.3100930577321428,0.425578502858031,0.44290299498473473,0.42769530497225006,0.4949736987673603,0.2718215890379492,0.8481461696723951,0.7011340704369715,0.5426580292262209,0.4819015386351433,0.8749904855135746,0.6813021277381566,0.344342350054589,0.1866654424999048
C3N-03666,0.3979031491594718,0.3949462129542489,0.6236434735994898,0.3712327388285228,0.4125109450612747,0.23546687513272246,0.4762355943755914,0.5074827563258104,0.510265004335217,0.5026899168129404,0.4728909085500419,0.7878731320196692,0.4719026873566943,0.7955170664995297,0.12699409508213932,0.2421000738002519,0.6564097730560956,0.36268437155089117,0.5203137083301375,0.2795255042740479,0.4467958555795235,0.5806137451452251,0.6151841234286186,0.6663531910922416,0.4736854823724741,0.3205908865814777,0.5255151457249774,0.5185674529185036,0.3880160453466477,0.7792932180446908,0.4089060938699305,0.5030159478659835,0.6147530469686142,0.0,0.5386347085087007,0.23805155872670447,0.09352120204775716,0.4632982496914462,0.3675731485066338,0.9105660789478449,0.7112430396170097,0.3172428992891039,0.3562783778838914,0.47607401886565404,0.5818760248443553,0.5160724707409816,0.18137849352786617,0.31828019466977153,0.14261310492587498,0.2500482886064592,0.2346037221890933,0.4231982751047294,0.3450319958206123,0.3758988551403064,0.3004140698309996,0.6120412458143161,0.6101522357317837,0.5105433312615539,0.6251924073454891,0.38250168611765645,0.645486401771004,0.3509387057506004,0.15940631920708803,0.29800950405760673,0.6820801624943869,0.6564557395530368,0.5304733679921831,0.430952812378262,0.6009707073284183,0.49726080514220783,0.7564874562381512,0.6040618363965251,0.8206931535074524,0.36834935501482224,0.2520193257615233,0.5587795301645908,0.5289310744428661,0.5832433127509917,0.47427781494281795,0.36853942711488585,0.39208787329545736,0.76491563016085,0.6661889320926022,0.43794323006371094,0.4602176908929998,0.6362168585588641,0.465283585654225,0.6001549771912806,0.6885980833844538,0.07394693488406645,0.3241423782766617,0.45922627351136214,0.5294454176381276,0.575754527746847,0.2965942189768782,0.6820717732984605,0.5190017132308924,0.710574253858633,0.244080418307151,0.7369241796066408,0.24113772236715825,0.6756791803266102,0.6300465261242696,0.5559574512881547,0.7788857159677063,0.3462769820093534,0.6644881737084596,0.4314898611230298,0.5390832991783707,0.3821093952511809,0.20542150982062068,0.38655470867709063,0.5876639732640161,0.2236825716433497,0.7636616963947134,0.31409572540567154,0.5915159374248855,0.4175147884714647,0.4183813211890488,0.4201855535574417,0.4503789429790199,0.5691424966994525,0.33188412168905934,0.33953454290729823,0.4758675728916515,0.6229357410027383,0.5147723631118488,0.31111114525855843,0.6907982464879563,0.475042235094584,0.2925461361617785,0.3848442521618538,0.0,0.056425922432447706,0.458824887030044,0.6569205262100768,0.38954390421789853,0.5887368098500012,0.7460448538017168,0.4489616493202888,0.3823178455102916,0.31391842816965276,0.4491224888783911,0.628921408035481,0.5576332096909624,0.3253074291373146,0.30252245140701284,0.5180429321508999,1.0,0.5712847569493507,0.5487913964908344,0.48743392181124534,0.6382825639867065,0.6400537754009097,0.576470136848517,0.31569111308326825,0.8956164445689865,0.720997195679228,0.7473980998208454,0.6379740682014123,0.5489345906745218,0.6443396913082999,0.48218254886728573,0.6787233972378814,0.7179752949326748,0.39834488523174016,0.5385300253391954,0.40437575940613435,0.2860981161890308,0.6788091393534401,0.2035190882658071,0.6407326888342642,0.739043314178129,0.5106066708772481,0.08704413665484978,0.5170112093490911,0.7976489727086147,0.6730260203945049,0.7008793927515597,0.6255732227445758,0.20081606683781672,0.3547539496791128,0.5933311332471796,0.8819542493088033,0.7008481937858662,0.3854931359238174,0.510901956461911,0.8661218898880652,0.22815030920754253,0.9319609889935201,1.0,0.506126356316301,0.5408199395233027,0.7703821627119183,0.12783162196533215,0.5959542770652337,0.3258484624834974,0.3567767560076085,0.15370193653015862,0.44094887751243306,0.5365150711170834,0.7213495364181082,0.425468622141878,0.4594983455617019,0.48287907022816734,0.6710710844539269,0.5850757187098603,0.5324780258320274,0.21239253864634033,0.7530305370356114,0.7816301334005757,0.48059541705537256,0.570413680404787,0.8628010171696765,0.719954115270383,0.3209164883920703,0.30716791116678976
C3L-03628,0.6042538737763898,0.64643609513519,0.7366658190299198,0.4173723884470615,0.4994817900750004,0.2829019779180246,0.609261121468446,0.5988428589630388,0.497942735934771,0.7074156230733593,0.6075931857557375,0.6186773771818936,0.38118805833282643,0.46600044289343323,0.5018738965221239,0.4994894398999037,0.6783137705521955,0.4046094764812196,0.8014948706135545,0.30080377531970726,0.568528980970779,0.4663292951154565,0.5072048858198874,0.5448615455111465,0.5305365207163852,0.36541177676406456,0.6930892581628321,0.4394524063574359,0.6377978447698993,0.6272756175426402,0.5745139136844415,0.513924065089979,0.6337529194244116,0.32734890065471944,0.4188795034886068,0.41978445962344324,0.23686214921753646,0.5801701247585829,0.6842509436270401,0.41872434620170473,0.6443831980890309,0.7512145118695717,0.8084709646398247,0.43241258479189737,0.4682695598901674,0.608358316897716,0.41412100381728223,0.6705638853864695,0.2369501847962603,0.0,0.4789399041862268,0.5386249968868739,0.5003121417994514,0.5371517033056037,0.150473418484399,0.647609249380702,0.6980900709529188,0.47486641340194735,0.72264988729499,0.48049339870254215,0.589063923923888,0.22984401462541015,0.38518955764496177,0.61417486844854,0.5752139926419488,0.642120860280615,0.6006858174755578,0.65276511607623,0.2725037421974452,0.7423216675378157,0.48569621571165733,0.5030826349257502,0.3737810135312767,0.3746532256236934,0.44992499800531505,0.5973823927344597,0.3075187036293876,0.6593337805517061,0.5208269879999676,0.6660103058185243,0.469446139605493,0.5407236302078537,0.7977204422476856,0.5436908025117297,0.46601732594406187,0.7098499881762272,0.6174122886453866,0.568681616991686,0.732934221111174,0.8769234255677354,0.7302798253125715,0.3561262257101028,0.4976901118647614,0.7069749270981731,0.5294889651810237,0.3923417800938438,0.6524098980763107,0.38713378300913703,0.4104331589888437,0.38942190986136005,0.42395626379562223,0.6818726907420665,0.44506795648286435,0.4835061757941812,0.7886642586262615,0.32920598636539466,0.5116873803460855,0.4066888970484577,0.695030089163204,0.6208549902115692,0.3850437750931839,0.2847928462513494,0.661429581430804,0.29673823837276814,0.39350615075052,0.5094830103257735,0.34502736591580074,0.42898063136015097,0.5593148215727037,0.6687672427054423,0.5947746748758007,0.505897383794359,0.35635178296717385,0.21322837744884637,0.541655458218532,0.5370597485688684,0.48936919704577697,0.43507860735931025,0.5839406495263422,0.5196755377248721,0.49808703657318176,0.399808371189613,0.3183353735026415,0.2701896819185148,0.4393373857881997,0.36049222517061796,0.535203688934498,0.2563952347169973,0.649425232202109,0.48936728576010324,0.39658058491008674,0.4960957448556149,0.36895074756357804,0.6345979282679259,0.5896512787371009,0.5148364421619789,0.7047344169275469,0.658254517717932,0.8777322260834239,0.6007491347943432,0.49691425605576356,0.7343675503502674,0.42126006615643874,0.40467532794751193,0.4289021869526195,0.6721847278853943,0.6237722361528135,0.47306708792932195,0.6380515007649663,0.2962471443332113,0.5279433068783774,0.5426107390204322,0.5785386094389828,0.47540509390003116,0.7428330269433028,0.4714304625872323,0.443185816194859,0.6862775957763265,0.43636131552207225,0.652123998359297,0.4022649752455756,0.5584854689995122,0.589601552678038,0.6798224082903666,0.4847953901895785,0.4589460396683904,0.6540801834139067,0.4261158298653003,0.7832093483751237,0.3774342341374375,0.7379106767761421,0.39263711106964827,0.4586661516381021,0.5605631248625063,0.6574796705023935,0.2755835426478255,0.5670774964119047,0.7398149247427419,0.4316908082203721,0.7552093140530527,0.5196827424218178,0.44964921471191843,0.3708242471277359,0.6722469115069227,0.4025669580629918,0.5328869566811445,0.5051451316330944,0.520989291447659,0.15593100196918686,0.6026358759909538,0.434639595759295,0.563611327035562,0.4561295445902367,0.5614682820188488,0.4179775870290574,0.4278073334698247,0.5865527308793004,0.47137232686795194,0.4251844521520578,0.7113400982023759,0.6062065527595699,0.5463152656828427,0.33739669851236354,0.7722677843968278,0.7945236937025832,0.28390800923559034,0.30270494436251383
C3L-04479,0.5700132549278578,0.5656315061551211,0.6188921300722434,0.5269567944745823,0.4716769740612108,1.0,0.5059447293213388,0.5914670194602962,0.5287048039353444,0.8458811625139049,0.48188383016912617,0.44957961467889707,0.46170015079117377,0.5037782864160381,0.38073065128264005,0.3177963499789058,0.4235744025671231,0.34426823214842983,0.4186717394338242,0.3982606911909148,0.6795553648718489,0.8226905749190347,0.7724574102312936,0.7321817782336772,0.5962948140288908,0.7574444890616441,0.4386248459079205,1.0,0.5807641218833659,0.6075186284569991,0.6334979227100419,0.45008750390294683,0.669293914094963,0.18200952731531217,0.7048949976572532,0.44921602467001787,0.17145714055727268,0.36772748031047264,0.4649908265389451,0.781620656381854,0.8162504340867933,0.7495550448019941,0.45540653557430977,0.6500516991260121,0.4157758213799134,0.3939891610620734,0.5722125073095512,0.7105591281646433,0.4534110974874892,0.3132780027272233,0.3305312933189928,0.4796218357923099,0.2743917991187299,0.15518205863628154,0.17981184771033476,0.6059468397319208,0.6134812742398239,0.16980991107912935,0.7808350795274226,0.3521318434597749,0.4395061633223776,0.39468576631650976,0.25719048384195986,0.23497760961432235,0.5854034777139674,0.8079896159994906,0.5506480800368063,0.2276954352180507,0.5250357424817746,0.7697421844481198,0.4877009123109719,0.32421218239214156,0.42242768270353004,0.4465312591476245,0.438062652526531,0.525845767394399,0.6237681791294385,0.5993544125682293,0.5174193307908865,0.7699674949279185,0.4774799819754385,0.688623515980396,0.7152964046598456,0.40482582747712925,0.4942280247331219,0.9828494629590878,0.4904569491344013,0.592799857161399,0.6697208123541056,0.1083034169464625,0.48870792462429336,0.28412645819202,0.8110211602786883,0.6987800871566652,0.4868898578875953,0.6870110390956015,0.4494176061977484,0.6293379023410708,0.3321769017317546,0.614051839868365,0.3599196455645508,0.8728814180633453,0.2014684916217666,0.4270079458085245,0.7826317743269184,0.3240572920676783,0.38776743866038643,0.4072922828679957,0.425369735040805,0.4905086526576916,0.4493844798180149,0.5659067760649794,0.39854863166293164,0.1849215956207555,0.7951131030374796,0.4761486873145149,0.547556536881249,0.3970279836924746,0.3839183727737998,0.5344579997391108,0.4331312071211233,0.5027706035585737,0.5885108376324162,0.3527400973124788,0.7996734035036646,0.7520697144946134,0.47149104487647264,0.4109804730308859,0.6919538233268483,0.47109518778402304,0.34527093850124757,0.3660972606246866,0.2871414815823137,0.432868792976028,0.12100400313222082,0.6309399613743745,0.40913071917211496,0.5146520312973708,0.35758626266721194,0.6053283166056396,0.5059738989169844,0.42039236903647925,0.33844610505739503,0.6419152905873631,0.5305294131129656,0.520131113781936,0.35386292199948777,0.4066303221114733,0.8872762287514675,0.8511412770064428,0.42829774266504117,0.7458322043303092,0.46353777645832395,0.6251624404314047,0.36089344359871944,0.3227818709777708,0.5699782333238801,0.6565156306911497,0.7085962050690418,0.8438943096879825,0.6930261493005805,0.6617147668675152,0.5701904582251345,0.5141485122822189,0.6418991566174714,0.501775848637255,0.5029690580072739,0.6823176691305886,0.4398539212327801,0.6247077192679029,0.2924659238417462,0.6841945210998599,0.9646404360765106,0.3113058145314156,0.4177088804719311,0.38912817077219763,0.7705895567388126,0.640308967534275,0.583874598108018,0.2878871324901695,0.2734301988366532,0.4801588070437024,0.422697741417597,0.725659716144408,0.7630254367607421,0.34631179672443757,0.6988408742886243,0.6713253703282103,0.44362928919311173,0.7319643923384334,0.24352312187270897,0.3198696865687811,0.4577035019134996,0.6815606059412911,0.40363104233855296,0.5650400167298031,0.27077018495938354,0.42063931761321527,0.19824665238274575,0.5559110159309579,0.3323518420316649,0.7178541664116445,0.5193105877040693,0.5086177215386236,0.4915257029576421,0.5630529769523109,0.5587399773572646,0.5743039180507008,0.2162399643934556,0.7012085317570307,0.5263141634763677,0.3111256149916297,0.44191528055282614,0.7616778909116171,0.6855048794734948,0.5017587352770541,0.32519534396434224
C3N-01168,0.2333328843788216,0.7810977508134052,0.41077527495235344,0.0,0.9338213192977936,0.29515687736454943,0.3251273006075266,0.8322548865367505,0.9076702967702985,0.7538363342693053,0.6843639672140576,0.6131289401165576,0.5190451653290182,0.675821293896897,0.3077807714520375,0.6681318916164827,0.37818525880655507,0.1361130029272033,1.0000000000000018,0.3063785942377262,0.5527611637367755,0.6795566471983259,0.7975355071525136,0.6614715947786394,0.8197041661529276,0.6324935087332673,0.0,0.7609234858365923,0.24160756093198366,0.5242998809685737,0.2801572684977245,0.46107117770073014,0.5138402372305713,1.0,0.4708979418453554,0.7660635159637641,0.2907942527208043,0.8825579661690881,1.0000000000000009,0.780119499644556,0.7954503475575265,0.646716790874196,0.4705067849277036,0.4612944164138,0.22681783546842027,0.10867557467129174,0.4605181433889065,0.0,0.2102131150807871,0.257141706370307,0.663477530449418,0.5915752292882335,1.0,0.426994166604004,0.32480444741081804,0.40986487607465794,0.8831157057824548,0.155187687188592,1.0,0.17451717465987748,0.0,0.3293413024090519,0.5537902319891685,0.4540068540845823,0.45193082123409667,0.861165062819552,0.6943515755618499,0.06136265237967997,0.26917066332984163,0.48279344077373665,1.0,0.39976915768743915,0.1477428667374756,0.45013116040865864,0.8078256271672135,0.2848125106310935,0.38240795384363757,0.0,0.2899333822775336,0.4640681720617721,0.5258156957354743,0.35857218433242366,0.7036025406112767,0.34496840147616403,0.9067443884670894,0.3551716850179041,0.5128497182248779,0.3775848178802619,0.8098444895881087,0.39744972469850737,0.32186338709482243,0.5955365025504893,0.8280378315707324,0.5666465928400886,0.4885645923599924,0.6867345858094254,1.0,0.24395015039254098,0.6376326458781456,0.741476745381858,0.9523224853751397,0.8050263227639771,0.7391988121419528,0.7609698908803519,0.7898448661053781,0.6672961131511137,0.6406355608402876,0.23950082881936297,0.4596741410701295,0.7522277108470696,0.452503083091397,0.34260279687016926,0.6716311518812077,0.33272615023459196,0.0,0.15752437113663653,0.6446352502207251,0.10612239388477462,0.43459689885222197,0.31242619508101654,0.5655266639057164,0.2873932689783061,1.0,0.8161039382685562,0.3926502342238223,0.0617870872871471,0.7912926350245844,0.5112037685976469,0.6045767509341768,1.0,0.3526482367093493,0.7060666353582357,0.4758838547396813,0.3337087231736948,0.7436066698323138,0.30368222615599105,0.5991018888554382,0.43467534469327695,0.7095275547877691,0.663225325062129,0.1581991021986351,0.13156710814087358,0.30322445183177127,0.3864116337632595,0.7398955566982082,0.2985792571664625,0.5057253162521924,0.7982966556557916,0.7801874115001226,0.8798161917031395,0.947085546854165,0.9366703815928847,0.8165002262748047,0.3463387709420669,0.37326896032016776,0.5223254349905506,0.5616837135964516,0.6801148275025923,0.6877520621179771,0.6598621888979679,0.9093632651433605,0.43972516061859324,0.609417630791306,1.0,0.5601883979356099,0.0,1.0,0.6301445716717353,0.6026361932008104,0.6879732774355993,0.24174498558282664,0.016462416133007807,0.6940445748001989,1.0,0.0,0.5662429403003983,0.3430619476253618,0.7823055721588998,0.7128998072987969,0.7463153464077461,0.5353204432161895,0.2649553233611375,0.5173954178703575,0.4946398730066228,0.5461937389547131,0.3902187579932699,0.312686925752228,0.45865149207861045,0.2537745666338562,0.9981793632649811,0.0,0.4496920925149066,0.4843379349973951,0.9232787487800813,0.6842721389896189,0.4762129273692004,0.4960265075062864,0.6273747213955136,0.2455265082950695,0.5979717476730695,0.9999999999999991,0.3621176123347132,1.0,0.507030631140811,0.9317497190109703,0.6114011042985119,0.5872889661484848,0.7565062182317437,0.4636355093839537,0.40192398173546984,0.54529620252627,0.6029302267411234,0.6257039667947151,0.700328914852939,0.27940896976617324,0.5222226135439048,0.7190192398081692
C3N-02940,0.4298585650504929,0.7887204072592127,0.5102002507950303,0.21740438449600852,0.4566923506459375,0.40532223517421784,0.577857508385275,0.6369746252029493,0.4398607123963565,0.44796549671433183,0.7880915633540724,0.5567614018365843,0.1680783810904174,0.5337198401217336,0.5588056482081782,0.4163695512990948,0.6626804103036399,0.35888142172032644,0.5497621454720001,0.43980793563744136,0.831794178778118,0.8070567003030806,0.8783272910018285,0.6835085024514562,0.3477739888144349,0.5355613408132314,0.23868051148618719,0.5533618946049224,0.48248040942927517,0.696351251342584,0.6010773103872324,0.5692525281309333,0.6692537277580364,0.3051984787540718,0.7182975042878486,0.5594208987244764,0.2307907788080925,0.48807567933481977,0.7728107952662162,0.5547356486157273,0.6178850615555049,0.9261090423650646,0.48131763566406827,0.446529626526162,0.3418796001571529,0.5172241018493136,0.5412890272279256,0.3602451477850934,0.1786254951011017,0.5139705498327896,0.47320001729359173,0.7469906287650847,0.5613260419098918,0.5161095674407044,0.0,0.6518342307968457,0.5797860385339906,0.11574591835278403,0.581254943812306,0.2805422219704141,0.680524425829903,0.4128456377084717,0.45971746833505733,0.23343264108039463,0.4736295680567437,0.7698382614415813,0.4342495326490514,0.22378327438298307,0.6260381802800996,0.6890769275268056,0.7077929534033274,0.48731203307647775,0.39996061273761185,0.11167579071513156,0.6723991635209998,0.5264219247773116,1.0,0.7470189478291962,0.5331563095948173,0.8139098467674621,0.7220956164686445,0.41735947777205595,0.9120018116467374,0.30875568079079585,0.6528641938813315,0.7189184308094418,0.6880725213701435,0.4890242757565524,0.6873425182393724,0.32574538295062183,0.5001304202130115,0.4384306047351423,0.5585773127705256,0.4477366134403411,0.5095314667839546,0.5020735227898037,0.5188473716803124,0.4738598113879302,0.35560708091560667,0.2923052961504453,0.5281173262450327,0.7801517561780056,0.7490642762789106,0.551305920499745,0.7702926850069378,0.268279740420617,0.5862017823773122,0.1124334942528229,0.28377777590156406,0.5718986293117396,0.4737645807718245,0.4347563916195849,0.5923942004864227,0.24281639142227185,0.39045571932513035,0.1719937691672886,0.5185941517895571,0.36131294963310623,0.7019645194763635,0.059493969489931686,0.581488032216452,0.49138055005429493,0.615159433309131,0.21815928840151777,0.5692495282617394,0.35223969868704685,0.7541911806777453,0.3602470745522419,0.6799791089582357,0.5358493396746553,0.5242081723116421,0.802157878618702,0.4223758435341658,0.2550638904609368,0.30164909430531495,0.5204525648765275,0.5005453580981136,0.510505629290745,0.8388460706761585,0.6814637866307152,0.4012351055701515,0.5584055425263719,0.20339659842409485,0.615244572860874,0.4898009149189022,0.3480035704768216,0.5193221194069775,0.6814929538002872,0.7203616283585426,0.8377112152726438,0.8377288104798382,0.6484551995250829,0.8570876620842185,0.38593540735019616,0.6762190163233193,0.5137938070673478,0.7410052088367642,0.45095208439739665,0.7144666596113751,0.40960691362096924,0.6258473164390299,0.4518826286428208,0.41599394613392704,0.7866655857200016,0.6839425656384241,0.28406094097138634,0.8626928206825806,0.5283575445405315,0.3442115767963543,0.6809931338590953,0.238797395204422,0.6295529761337963,0.8767048807480813,0.657234672137605,0.4355866762454639,0.5073282731811837,0.5581986507149388,0.5269603110586605,0.700569808605028,0.3765000719586542,0.4433202871054682,0.37191632527045826,0.6305728562046546,0.32503994911904677,0.48487152928736066,0.23172524225014612,0.48042396578321345,0.6904256635828592,0.31289335941932883,0.8544190844019361,0.24979239563020528,0.7741705848732341,0.5445285967228557,0.6602395360254292,0.47116444849141725,0.3370876056033101,0.42157982352449963,0.6325711237874678,0.19007053998227041,0.3707770839725466,0.5109286342951895,0.5105164143330585,0.6003718854528444,0.39871536139235175,0.29973476579947933,0.36416427495656745,0.5665969345579382,0.6802573889518744,0.44007870093980994,0.6187010872258742,0.5153478886339116,0.5613392622913889,0.5019175885590021,0.6595088335926889,0.4728248659643235,0.4715440658003516,0.37977391795635995
C3L-00819,0.5974932755557152,0.5423160231930986,0.5011060228718733,0.49339155366249976,0.510295420619828,0.6104557953118146,0.6451699593363642,0.537653665136423,0.606442338768101,0.3801857994098974,0.52602199226674,0.7929419719242112,0.2487898679928815,0.5329405137497751,0.4928863593030215,0.40096175580329074,0.5893941369757254,0.4003072143074178,0.5179459143857184,0.30815190163681727,0.4258628149849706,0.6873426602310513,0.14278390533468777,0.6936070310740945,0.5824164587325917,0.46863825790331504,0.3200970993705283,0.6900019912520179,0.5801347326597792,0.5907075322775537,0.6354604875180101,0.5472180315589652,0.5707829679080767,0.48409255769796644,0.33079296590119966,0.21330048839016413,0.3892312011400918,0.5998334576594768,0.18902940372996024,0.0,0.5457298438501148,0.6617448796314491,0.6006822279827064,0.6093591122954325,0.51056863091598,0.31480864445459034,0.45222629105485623,0.5237776882992335,0.4496506972211769,0.009246784675250197,0.45357953600039913,0.5364977511627878,0.5079631724098856,0.37865122715895083,0.4425285767174145,0.6382048416035637,0.6477251359246665,0.47145710128770135,0.5112933637044303,0.47796144735538526,0.4874632894117923,0.3847910204818348,0.5176847384716474,0.14639780092312904,0.695643969685257,0.568549923403296,0.3960429434737165,0.6052044457787034,0.5816097468957171,0.5050691044342734,0.3990892628724225,0.33358910406186304,0.3101943932285103,0.8240487386725941,0.6662169854232918,0.6148409072855916,0.49017486238127006,0.6320765546955771,0.48156355552879937,0.7037833188676075,0.2874112828325437,0.5357210422979541,0.7151070836683182,0.31564551760398185,0.7522652812121571,0.35991576777513856,0.4258381484865179,0.6523599721747928,0.46854986156934864,0.43367675050732046,0.20112368750825738,0.17087224692648206,0.6217372624828972,0.8311829987512152,0.4644346783355733,0.600138411121943,0.2577932507889251,0.8874686425129568,0.470426631714294,0.6242731196433926,0.6589277967369593,0.5917818306146101,0.682008961492726,0.4379553414284789,0.7418985019653261,0.45933288871804834,0.33615994671433214,0.5131171796406981,0.6318076149247727,0.4918981869635033,0.33663560527605085,0.25977509986999525,0.4866565455245091,0.34105116907674393,0.4940291823839065,0.3008255114188927,0.4574764236317552,0.33256461870040255,0.7606657182926062,0.588208506038626,0.16184623828917566,0.4486998239516211,0.1747255628461719,0.367524239285407,0.8113696425690264,0.8580103579828346,0.6911717817548428,0.28133900570212855,0.7195138100241145,0.5503545320860042,0.13471415638660744,0.3651953565289525,0.4337545799402598,0.5785528696268294,0.31903645761569166,0.37114308482433334,0.23458551928117366,0.4154236438591914,0.5292917739704244,0.49885837217545514,0.48256847005948167,0.712234172195986,0.5032827627677241,0.6421832535672536,0.5540756412705576,0.362012292787238,0.6040601390002198,0.4228724966283366,0.8596335653128051,0.7287141870850595,0.46820692582290135,0.6992205237121798,0.5644887561352867,0.49138275181861246,0.7407548850813797,0.6157235389536542,0.4438719695446487,0.6373743118459387,0.6576838982376936,0.47933884096958224,0.6325955911704586,0.6991303704218979,0.5711269834097195,0.41980279237102813,0.7326827700481839,0.4913122612288028,0.49291034077281104,0.42379713931437024,0.4412312709821169,0.590508528520461,0.33238395677053845,0.5326286989310614,0.46381212855907483,0.5968599511592636,0.5653052730880717,0.33230604460089097,0.6683183263364647,0.7358023684735135,0.5514193693109632,0.3778166725238439,0.22761783795327162,0.5065633217352374,0.42047870414453214,0.48017330530026214,0.5029413691049172,0.24468735504817118,0.5596419328517399,0.5590762468767938,0.3139426908042662,0.7244815203836179,0.3532937440658692,0.38622533388509694,0.5076363802296129,0.6545417664525814,0.4265610447940551,0.6421930594454324,0.41997664155617187,0.39229198881395355,0.13531396713948451,0.3258848615598282,0.4378321265582086,0.5680196860770792,0.3116737142817172,0.15800608588923382,0.3574047757412062,0.49707222108086935,0.6210073405045424,0.3425064806259819,0.4104853666942665,0.6640338737146454,0.6198910216013118,0.6147219035814517,0.46822833236178507,0.712248016261718,0.5994577925260103,0.2595782567081546,0.46147932381122914
C3L-00017,0.8766741556172004,0.29972981036445034,0.6411467537100037,0.5859702446855266,0.4817773723738572,0.5471324796862236,0.4414453368871847,0.600238901859937,0.48640847974313317,0.5430443605349531,0.7855539693492961,0.3847550706188292,0.1635141684563024,0.455699473778429,1.0,0.898031313600665,0.8751356999698992,0.4032822669766958,0.4021416232863988,0.43947859558371505,0.7349657801591007,0.8064476983665401,0.37422148179195336,0.3681357885376819,0.44443786499611093,0.4886838265281952,0.5103376884713349,0.49635955359229555,0.4653047204311562,0.6002567682457762,0.055581898757047554,0.5880429354595247,0.4678766953490765,0.4895453518461572,0.7376489410627238,0.46309301279642856,0.5037587696154198,0.4406483366069054,0.17823178616202195,0.7615659637100585,0.6879914763015407,0.4499330315748651,0.18953880773749843,0.5092356390850794,0.1189276790438214,0.48593099441467835,0.5197950643050717,0.6092182146176732,0.4578846207316545,0.23144715377432235,0.48342787662519626,0.5518628722291705,0.42609682438297547,0.32569291775938325,0.6237089742022945,0.5330926330627603,0.7337762740829152,0.49542124727636017,0.6549961441785719,0.3754791456733422,0.571088546097549,0.5493933958944481,0.5469136918880988,0.4906518320759474,0.7262133105697721,0.7707006308078039,0.5604720429632799,0.3101294502973815,0.517406777897655,0.5619081442912943,0.43895274712317445,1.0,0.5539182036289763,0.3708176790870037,0.37406269853859975,0.6181886747670262,0.3693337285560432,0.43056348020920066,0.20193063450875037,0.6032245518332786,0.35149367780503127,0.7141923847873279,0.5485885645058151,0.15505578731023295,0.06716525808832685,0.3195808667782103,0.9495533318353342,0.4327546304040695,0.445801752132267,0.9489671596331242,0.4832913873142246,0.5461385585188712,0.8059271402192856,0.7768887853564319,0.3755116612688312,0.2723525049288362,0.643874063390264,0.7681033388949512,0.38489299575624614,0.5921042937436418,0.4703501672060817,0.07894309894441243,0.7147726610201941,0.4673224372666329,0.6938957044067138,0.45406115111926937,0.7145241746868898,0.5727335294687101,0.5392033193623114,0.3789467646044997,0.2995557701828595,0.32679388522030717,0.519567946118725,0.3370710494096283,0.9459123167165586,0.17516374108628163,0.7285525370533659,0.29643117130324015,0.5952977859377455,0.7819638516272569,0.7852107410260576,0.6258717907565554,0.23876957223623663,0.4614326295645643,0.5392137367871541,0.5827115749481173,0.45692744293636345,0.723510878598308,0.518387258370943,0.3906287908989938,0.7449089459520408,0.5140382556733267,0.8284694605318812,0.19946257276416368,0.21491231079536988,0.4525443647901968,0.5086521264662576,0.6007511108787646,0.44190458082168504,0.36548049753028167,0.3553237733217429,0.454024474364199,0.5798918744745869,0.6453980180264409,0.7166386654762995,0.8828028125022094,0.41046305232054614,0.5864460319887872,0.6304693801008234,0.6750123222281159,0.5176117040165664,0.6749542304093303,0.5388743510275553,0.6193772551070769,0.4005717011765597,0.41228266079898823,0.49455117215388,0.8935468912232167,0.7094793284897314,0.4207732180117354,0.0,0.610498505742715,0.4936251887971643,0.8683482903040876,0.8866171434346626,0.37250434889022443,0.4487313511070159,0.6624895807046567,0.9494788523690971,0.7088743136378444,0.10967661912562221,0.6241732056791864,0.6171599082011547,0.6434658348923641,0.36195787109942756,0.3818881512985204,0.528856216838058,0.27228995523105404,0.5218274809880548,0.6384613516895215,0.3227857183536429,0.3628460059838243,0.3731333200999529,0.743597747139253,0.5678305509024426,0.46183510718426213,0.548538928767929,0.5901777320638271,0.3142563998702812,0.4786773889421525,0.5023100336180626,0.468814662249347,0.31602933446580295,1.0,0.36316049595020683,0.4286933381233382,0.2924938218317408,0.6175209543994171,0.13397240405827082,0.4664650560417307,0.4503678494002692,0.396778943911162,0.5135135173841725,0.47343954624071927,0.4359053392604655,0.39666396803940707,0.4770100867012168,0.42182616834683095,0.24410520043827422,0.6040291079657738,0.6700815927467048,0.6185435558820167,0.3525962622147327,0.40842348733755784,0.612556710074081,0.3747212185601789,0.5622149026074048
C3L-01687,0.7085117289375642,0.5553396868452012,0.5077629808527888,0.4928121515181285,0.5681128191672418,0.44084872508206363,0.4389690957462449,0.6346808765179475,0.4913967632356666,0.7257125042510246,0.500722622824183,0.6693524037827219,0.22958812024299036,0.3238812837898237,0.6268212487551708,0.3815498017123744,0.5781803472867697,0.4300979133121672,0.5521491411756738,0.004798582577672406,0.443529871472748,0.6145470420891419,0.7487281318563506,0.6925082022310356,0.5985941035911146,0.5334190705351975,0.25845356970919653,0.7010618283643986,0.5294045223245281,0.6131616977611909,0.3805239039402011,0.7270593901644764,0.755669103577608,0.38767595224225815,0.6899204541697754,0.26687106105184366,0.2537181450707635,0.6381644038654422,0.2599393540719026,0.622555317783986,0.5434419976717422,0.6217031216189497,0.6446522190777233,0.6047040196031452,0.36253655228286163,0.37419597798371207,0.40504250722836943,0.4313381262542695,0.46171371390905946,0.22209981915918853,0.35465608575196317,0.4854921966653727,0.39794689580163833,0.39576024984065583,0.115835210894355,0.5292377480040544,0.6117911269524701,0.3705562139201173,0.6445085780304591,0.4782730072014285,0.5683670077171321,0.1757590546697152,0.3025270524521204,0.6131963247417289,0.5675906856702788,0.7334608675785255,0.564547726110316,0.2085677336723215,0.5143447055634809,0.46477397533281817,0.4989543483196126,0.6849436354852614,0.4585099983884433,0.25342611747831656,0.2909305816081229,0.45888243520828276,0.5735331646456476,0.753853074753084,0.4114044418557725,0.4843416903266622,0.47843687716233774,0.5884144801814237,0.8300794525841351,0.286229127153101,0.5247305054912772,0.603259122765472,0.5182860075641766,0.47421340094645714,0.42199911159681847,0.33612625997763956,0.5224475064542915,0.6573751919771276,0.8397414919566497,0.6020212859292915,0.4816668298142659,0.5988129227224483,0.2762457150024247,0.5347501255234235,0.4020616124745606,0.7864990344569076,0.4198438010080512,0.8000444762028076,0.5743447697683264,0.46281045618283123,0.7839782120207879,0.4346937750566333,0.5372267091367604,0.2771749931014398,0.7995119624444467,0.5502930866922284,0.3068855994583508,0.3593693822987811,0.48742338243966543,0.392518202424343,0.5417553741771286,0.23038794973755827,0.4677145951332644,0.20310296759062751,0.4065833876792837,0.5569554408478012,0.5060967516638328,0.6498757301930098,0.3322608234975011,0.20356426035224295,0.3283655881623382,0.21947250824508657,0.6425448694767173,0.36166441894625123,0.792474310487675,0.6015390966441885,0.3638456927765219,0.5658625424150632,0.29915674668190206,0.16225832545112784,0.20703560792231457,0.3991019060345069,0.36040213585793346,0.10925403462069117,0.2673874088424171,0.7642708859023308,0.6165409401827127,0.4792531783956502,0.40211611564715,0.6834851743455523,0.4834374269656898,0.3949877272965434,0.498112536576631,0.5296912724883498,0.6754107597817551,0.725880130343687,0.5410396077507542,0.642664456438915,0.7338337380436641,0.37927252143600043,0.2528867240069026,0.4574687330471878,0.5006242305481017,0.7635311894721521,0.750033482048952,0.5362620822756199,0.590442777369578,0.576860811332029,0.6097678013365666,0.6002242828788784,0.6192064624701894,0.3790116850355538,0.4384798269388135,0.6555509476707151,0.196785253957648,0.5898307887189045,0.34435580415340183,0.6851589281244532,0.7623551658555381,0.5599269909720554,0.42442946007660254,0.42472862832660496,0.7245868435832747,0.779789094646337,0.13109905048658277,0.5232711026015693,0.5558460135899885,0.34140485531292164,0.515757313177513,0.5073000436468611,0.7192286837548529,0.3407572335535658,0.45756773151652297,0.35352093149707287,0.5965899964472872,0.7484460861949049,0.679559096520606,0.5185113664085499,0.4453619382307643,0.6426579580832747,0.39961877868607676,0.512089944948297,0.31560194891022064,0.5677517914158017,0.21465880121832148,0.7144999164677301,0.18995331377413027,0.5435075364206741,0.5146119064595567,0.5789641668078147,0.40583279330338895,0.47362479484154907,0.685985153056361,0.5703145753525583,0.2874327904412528,0.8704453554997098,0.3947625859339894,0.599464470944783,0.4365850645683045,0.7330374374684006,0.5638822330565922,0.533961680288952,0.3693885916914539
C3N-04283,0.23245515962113394,0.9385575027147794,0.6211505832837361,0.7767301689875463,0.46877608870829945,0.20867684516367913,0.11067691166280014,0.673316565817359,0.4329942001842646,0.3417056660960327,0.6262972888383569,0.5142137766419177,0.5251522685213601,0.744098053035275,0.45812794639405396,0.3378278544579203,0.7618619686848973,0.31733718200413463,0.8791709337347182,0.4240368883686987,0.19817256034616548,0.6607574967463306,0.49157623370532555,0.6352606367163531,0.7765087427300266,0.21210803281068635,0.12623231615207686,0.9611785614519199,0.7002549226640902,0.6046965121810253,0.4855093027404749,0.6774575045217883,0.6672740858629442,0.27346148116341595,0.24582420734986243,0.5833286114880218,0.09739690974689452,0.5286694518951975,0.5107091354845954,0.6460394956221389,0.35898152924889004,0.39394123846030027,0.922394226176448,0.6001759974966885,0.3305214675017112,0.4028792775453134,0.19509654779782082,0.49149295065366516,0.3006150700105934,0.3555147113442434,0.3830845778756329,0.5341498069630877,0.37089744587649776,0.353026616099541,0.30108910565984104,0.4275296716314232,0.5005559817648777,0.8206079750191893,0.589724095817008,0.2936549050773092,0.506512198840742,0.3133532300173698,0.14479599971456558,0.25580953893472014,0.6930586141181116,0.0,0.20687741906886892,0.6381902181418102,0.6959710351915724,0.7870771552965437,0.6234683352298163,0.13633853245927874,0.4212152306580528,0.784649082936665,0.31671422555592343,0.41976824997774465,0.6712752094985106,0.4223159244220023,1.0,0.7604393600909276,0.37648484268716764,0.6912453246536501,0.7298421867431824,0.2788599153374296,0.6340042581482983,0.1473594669681404,0.3125427855469205,0.6048756519108203,0.5927650265181956,0.16014914630614996,0.2929823609681108,0.30110606183605704,0.0,0.736334970066661,0.5740058396745145,0.6644173651767282,0.3350201047506083,0.7023578561069161,0.43056423804669564,0.928066598653265,0.7745790551507792,0.3783477747964419,0.7529057148267997,0.8414660692380878,0.7449711922946536,0.5543221980747859,0.40375481816580105,0.17835787949975668,0.4706827581890476,0.25735960565582516,0.33891276780498103,0.7624811957737636,0.4678914043316045,0.18460871015456348,0.3788868965935617,0.38131183788921064,0.5629890952756575,0.051776007513058886,0.6363501151977076,0.1957577572556275,0.5859521516419655,0.30628411996564253,0.2533045795732729,1.0,0.16596996328745917,0.22142226179179758,0.46659528103045567,0.49213827022209333,0.8432598924331653,0.7539724055102113,0.4024009948852516,0.39741359005035637,0.37699568154488006,0.6041487188445052,0.04357962647984337,0.19702516813047577,0.7217982912823349,0.332379018273917,0.17067816445259254,0.4091713280477478,0.0,0.4384290932909005,0.6686222166993776,0.9224321880452244,0.6470313451133549,0.3178052939047742,0.6736963533315894,0.3685446639389607,0.9283776281258334,0.8390080238645812,0.5625132136967892,0.0,0.5192059245990208,0.5880695797279998,0.05368138455330751,0.39686885584155007,0.6613827970486668,0.44237969110248976,0.6940870722271679,0.37659633689447247,0.877319668521725,0.7291554303951386,0.6048432998164515,0.551959621776474,0.7077300544742098,0.35572050049320936,0.4327529780525694,0.0,0.26447253710303364,0.4404955846937373,0.5603363492782272,0.6701732947896613,0.6364990251344564,0.6803560908644535,0.4754434723478518,0.35220063814871594,0.7540192206603784,0.7780188043283358,0.3828074671468009,0.6202853458967734,0.3520268342339996,0.3272998604110793,0.1584556548894156,0.6424709034342406,0.609009534111923,0.31958469878607776,0.4803128032742343,0.9485235345883609,0.18841001973364158,0.64393850909617,0.12155031547995421,0.5534984408341117,0.37553044088882004,0.02268218574487335,0.34260611539704655,0.41695133327508316,0.35305479994601363,0.5822158086114815,0.7572539039275328,0.4460747251890087,0.39747473287955604,0.600821087645568,0.44369016520123594,0.38123099729515353,0.9999999999999996,0.6329796412307367,0.6929274191081491,0.18689544353426868,0.24366762188929325,0.7205648950310941,0.5515027604472849,0.5476835820171928,0.527720899694371,0.857752550783438,0.32166438308155065,0.3709503220874595,0.0
C3N-01714,0.6947324596934834,0.47257110030202654,0.7265934828027731,0.39548275211909,0.7261577113332667,0.6914130876070441,0.6678689112194185,0.6582870286548737,0.4280716438895382,0.28798926206702546,0.33351229443384867,0.5029560913245632,0.33205072016600923,0.6648932795664528,0.6711254173756664,0.5221969719796782,0.7642613287483258,0.4328981802742824,0.6161481888005707,0.3090915123373392,0.6980022006701887,0.25902309660131184,0.7171020806785453,0.4432776456972576,0.28216422232581095,0.3252767868713846,0.3407978125367954,0.5299537732450723,0.5260574390380022,0.47943406104317177,0.6907715559105441,0.32659864219249,0.26211802147250296,0.48628410906266595,0.27022962010568463,0.551227081175341,0.16901999796350253,0.1981128885423633,0.35887692932227644,0.4459480392985036,0.5009547302704789,0.934784906769087,0.149844228325414,0.4435650698392042,0.44115809170321185,0.6621558938531429,0.4042396837008866,0.47879637296446376,0.2671646536794299,0.332443452396614,0.5105106664942518,0.8583748549312258,0.1872631876395694,0.4566831142682126,0.3443433905403186,0.6065273587244944,0.7446588619261956,0.47185391305859214,0.4903678669716349,0.38080651025521917,0.3266884246831516,0.7262513197542653,0.2207855104115488,0.5573097529390907,0.16448945934818227,0.6573740070206071,0.5330970587844348,0.4879344343346581,0.44414940418964655,0.5522785492160267,0.3324912768051558,0.6027135057120567,0.17229515280937768,0.45312737975203277,0.5830849898758217,0.5899053766754143,0.5107601519694818,0.765880573281259,0.7357706413334721,0.8291606888121095,0.5439255147357915,0.36347941168688536,0.5838058553705867,0.4249200111726994,0.592874436333318,0.09268951582567908,0.3079485279021217,0.646321400310331,0.5175821348408451,0.2580694410922426,0.30316470608898527,0.33463380419665967,0.6453527571955533,0.4850127133622628,0.47120727874260204,0.5310742328576517,0.42888736801223715,0.7542982564472016,0.5178370490242763,0.5780345789880226,1.0,0.1450489304918472,0.24099198185850668,0.360239265384962,0.7533060186000853,0.6200499832883466,0.5666191333198718,0.3056778631712014,0.5092499354978752,0.2912186523472826,0.3129008058475513,0.3402557391660901,0.39108598894050317,0.3919557383410819,0.6278610884859575,0.4382452505988663,0.45755818640352786,0.43998403020785304,0.5523890873666248,0.5014222482547197,0.36919056041691967,0.7170687251425996,0.3227967561834504,0.3338525984915499,0.8592711079597457,0.46928692235061575,0.7554163797969995,0.3376870468709603,0.3453565239736456,0.4884066527465585,0.3022113932195758,0.5092366370254648,0.5279113841892702,0.6804623502554294,0.22089463283016286,0.1691427252403921,0.44234747320010825,0.31338987431609233,0.794477592270038,0.37820541133966046,0.2716425981595556,0.496728976075139,0.3342194430672887,0.6642773368546138,0.5190253780065888,0.35901172778516965,0.6972104924406484,0.5799201124782876,0.731356095078354,0.005439484331834166,0.5370895797563229,0.889964595878526,0.5220382879964482,0.5751910945858363,0.8537034174090827,0.4805496639848741,0.5495861375446509,0.5926220340065349,0.6202966075806389,0.37445023535686417,0.3562352650843561,0.4393362726318273,0.4426537515305675,0.6104722046336555,0.6376120657171738,0.6815075317314481,0.5207071250935726,0.6246074545956191,0.3905372177588671,0.6832193929311181,0.3415406908330212,0.26055229234092003,0.030517408763795384,0.4502313326477463,0.4909766678273364,0.5438443694221622,0.7939320572146009,0.7310437496578972,0.7628545838083944,0.792781211498399,0.8091188452185065,0.022385920991712993,0.48873807922062085,0.598403872049035,0.43823861378481155,0.3677855366757896,0.32705578509338196,0.5140146647986725,0.6349920256658166,0.7097819119429118,0.636048364426717,0.2031102454374789,0.2636632364900642,0.6901496081215654,0.5371263392535743,0.496448456698694,0.5035117928954254,0.41230170469650496,0.513290454328605,0.22729116290517482,0.5957791518126418,0.5377354670206955,0.22435573730516012,0.47584906847873576,0.38576382933861497,0.5328968569355519,0.875135256447952,0.08930884304383291,0.42933547609704625,0.6373019983072421,0.701418265227435,0.6988750855890933,0.3271830882211013,0.6194302233090347,0.2804466475697076,0.17954865216762883,0.3829698634571699
C3L-01051,0.7121988314347618,0.5272299097041859,0.4746208284543414,0.5253511336362884,0.3926232282798452,0.48476271453481345,0.660257348153376,0.8794388638344071,0.37429292422730853,0.3568179883606497,0.790198508376335,0.2748233326785856,0.1413542421137084,0.7480317499354054,0.5257337114619851,0.48344000897678896,0.7671232477340517,0.44741392425657267,0.7879431484181385,0.4625385834442213,0.646289140634682,0.5576966576009896,0.5824860206883935,0.5471896915361789,0.0,0.32703355945565704,0.0629531621581414,0.5083312702975178,0.6985874486966033,0.6391977864035905,0.7897139288907269,0.7820284327049594,0.27514442817150986,0.6692886631128765,0.5993510949159004,0.48783093747028694,0.36595554476673087,0.5649917596258458,0.3631134402225191,0.7868000339603718,0.5895777763119412,0.7429369316844259,0.2882977651593759,0.5189326977288107,0.31180407353623707,0.49755463941568934,0.1958165188925669,0.28693166016898886,0.48889485261388543,0.4335279716261411,0.5514939637925931,0.6359727258159662,0.6066839769456749,0.6865161965907234,0.1820475376935491,0.7340305210119409,0.8682554955574204,0.11407444237611308,0.4710959372126471,0.6454792345031297,0.5615398044967961,0.43228997552749604,0.49275772129689877,0.32493543023975135,0.4706047985009434,0.9152530918886512,0.4985533911193478,0.38344305237168186,0.4701372472435992,0.5806744807795248,0.8279557486880318,0.3460313412082652,0.25917727448041994,0.38148916888868056,0.4850750862083366,0.6808202235618346,0.0920095537235941,0.6961045781183506,0.423435785743564,0.9382269340811966,0.3478734222681954,0.30724147256199785,0.8026538849935623,0.42365956038124963,0.7638586121573958,0.5290973883810359,0.4851377872228291,0.5286264591538128,0.5315428922295844,0.5195728063041507,0.581165739788247,0.6572257930116177,0.8922723082250492,0.5158669754730596,0.3748344749928041,0.6511160826651228,0.5247070639654972,0.26786357930338234,0.520098178725048,0.6277422298253992,0.6560578733334044,0.7157575446821047,0.6238933761964534,0.41045684349700373,0.7826068177570438,0.443999331803834,0.3149302377459726,0.2789804305360839,0.4058283852067852,0.19282742221099625,0.44091877777616517,0.17766002542489367,0.28142334835076355,0.49654418251745724,0.582104502438499,0.18198436920039285,0.3555567646032838,0.14341458366578408,0.7737923682598753,0.22515481336180798,0.5207889009985891,0.6107601180316244,0.31978887494246244,0.4456027698523801,0.44737954948036673,0.31035786755367667,0.3858313357933447,0.32753005171917593,0.4605021522656987,0.447173217963563,0.28664494017056796,0.11173793765789553,0.8033708829146597,0.38845075277126995,0.552203731894469,0.391294183150225,0.5240149631074953,0.37598104260546883,0.6118288077430662,0.7285064350170529,0.42804902937702494,0.42682353618079105,0.4853267950585334,0.5159290546024948,0.5280226221393924,0.46103822243935255,0.583024197648939,0.7371098432015106,0.7552637792275902,0.6429818975418122,0.588864407036148,0.7019138532828801,0.5125338016994192,0.542221933208646,0.569004523417199,0.2566769731626106,0.46596533165172715,0.40419805009080534,0.6465533800431187,0.5918855786187365,0.8414784362595196,0.5046829181486672,0.4331196023546404,0.8898280860025931,0.7952594301363316,0.4493694673469548,0.7047595934584283,0.630385306379269,0.3955048423535743,0.6856625013307216,0.4051677922986059,0.4862304939002069,0.8034446546172762,0.3506994939213186,0.3530949814756532,0.37782945154018854,0.7749577739124582,0.5307467671230492,0.6224574398755038,0.6928150927643131,0.4197316045972599,0.37852911761635966,0.20973094590325658,0.0,0.5256553927145902,0.31512539124902883,0.5303573130276327,0.5626071743852545,0.7180444247903619,0.6019565598897376,0.6330352577471992,0.5390968442720396,0.5689214048522651,0.6345518987101677,0.38639146736875407,0.7226264085990852,0.42685934865358277,0.6709774135686608,0.2444461556101465,0.5461379895538823,0.3382268902322272,0.380069197883774,0.46354195636561,0.7098182080373601,0.6086726409370269,0.44775885862262665,0.7093739832665422,0.5744100186539782,0.424247319699929,0.764164769371531,0.4364867420832681,0.6480852670482111,0.5728667432309686,0.4842978321099878,0.045412220970483475,0.34256988106877095,0.3729066133165979
C3L-01124,0.5466161264267377,0.558933959043312,0.498215657598859,0.10249268395460476,0.636608469976462,0.3970233256157849,0.599078034317106,0.516132610991038,0.6498408289734812,0.5894208699033072,0.39543204336020743,0.28043277269344546,0.3719488138814988,0.3333381048031825,0.3899703914020023,0.19704288993293062,0.5912472317249584,0.30645692181499484,0.633981750413982,0.2696805582313129,0.4170546140703202,0.7198024362995836,0.5343109747683128,0.666655091824591,0.643380532571534,0.6586803811061781,0.2886843139043975,0.6759877361741218,0.686441737811144,0.6095518319759421,0.18038299042902395,0.5836465986188015,0.6783207250516874,0.17754458834480502,0.5035140630767918,0.4444559035844531,0.33057977958118556,0.5406104804277554,0.6832036146798357,0.4753398415873473,0.7563352391768774,0.410023464103924,0.598249151097415,0.4707177497370916,0.3204739413489932,0.5361371112326552,0.4853241519715539,0.44549445852427816,0.43692179111883434,0.2873546485274314,0.44902653282383387,0.5771395501276686,0.5395476468664793,0.35402780008390167,0.26710201640110753,0.6164639640769973,0.7362458433572012,0.40095755115744725,0.6140319051066427,0.2265183478520818,0.5304715000035465,0.4402902735292038,0.2832119046541379,0.21520069861800906,0.5790723286811428,0.49202782703701686,0.2100852264538453,0.3821375830425602,0.36111803143850807,0.7126592392108861,0.47161634731007673,0.49470272149227235,0.47807144164625726,0.43643211910311797,0.4461012507990496,0.6568921916236548,0.6602699164625978,0.6166589402740525,0.5492691294468663,0.6780626867258128,0.47912488464373304,0.6469509694502023,0.869901274217229,0.47606918355739847,0.5683349704255747,0.8442535713431134,0.5069681862175539,0.1429416766160081,0.33974723604457147,0.15818663352992957,0.37529150809584166,0.542115918117215,0.5763742252358188,0.49010933900094145,0.4118167379934583,0.648649877557844,0.4564518763480301,0.5317999592765581,0.2934613291389745,0.5977150297291853,0.3092138505598925,0.44983282570476035,0.5122881235103236,0.604445080921435,0.849722626836086,0.4074365539377638,0.45631331402568165,0.2807855979239058,0.4299451374670724,0.5568060443593126,0.15245607454471255,0.529182318581368,0.573113975689088,0.21551128037788203,0.47659664338675256,0.40111249076125866,0.5020989477990732,0.36667932543911874,0.6454571362015278,0.48875899021086866,0.33920656397899407,0.4253707015924597,0.35743241103211254,0.6554193786153419,0.5585748524314873,0.4677331793529298,0.9205931298439509,0.29599490226410197,0.6608897344879701,0.6918452232460552,0.6224587491564044,0.6447136171382346,0.6392854181198544,0.5504217708877173,0.2570269490997852,0.5042965791248841,0.5493672499868705,0.3516569996486183,0.45338152341983573,0.5495992468907325,0.3049265815339002,0.5814727411710736,0.25343353264203916,0.684683400035965,0.49520322335917655,0.3872230473325988,0.5991285933094286,0.5277549750873476,0.8371250972103752,0.5428276739277349,0.6881566142950213,0.732997505432623,0.6323826683863416,0.32897653195002974,0.2444153146402961,0.43495695618861063,0.6515419413007528,0.6894496951194427,0.7927479863706663,0.6341791037543416,0.5579424586266928,0.6191132195023954,0.5953577878485632,0.41919705042744404,0.8220709588955852,0.4000571841527858,0.5521138257030866,0.7774355144992438,0.39768331186161276,0.6561759456898386,0.18937277896013072,0.6297021290733351,0.5622302037985594,0.6469711848987494,0.4577253655320064,0.521670124828697,0.4090210419863922,0.6260342303967681,0.5426032370779019,0.26258172139926295,0.3792077676707315,0.5708919535637218,0.6581001109358375,0.46382055948483014,0.709852155355339,0.24513301885838068,0.3596439266667275,0.7524801566166577,0.23193367989764546,0.8577326132559104,0.2566343785096592,0.5274378001809215,0.4212126809282708,0.70638189629463,0.46938285726372886,0.49385581620708585,0.400288772979815,0.5996199161258886,0.2184439995937546,0.6567018946543435,0.6342517658472291,0.558579233181983,0.6384732292054167,0.4541094181358858,0.3512662554578596,0.5530291634531803,0.6870062197106961,0.48433169005292953,0.4322149803823887,0.7220549068343427,0.5938702277547208,0.5479562867416661,0.5576126391122083,0.7982486570151757,0.37133402232367274,0.25949961320538506,0.4275495857531375
